boundary_source	boundary_type	segment_index	chrom	boundary_coordinate	confidence	nearest_gene	distance_to_nearest_gene_bp	overlaps_gene	nearest_segdup	distance_to_segdup_bp	overlaps_segdup	nearest_BP_hotspot	distance_to_BP_hotspot_bp	overlaps_BP_hotspot_proxy	nearest_CTCF	distance_to_CTCF_bp	overlaps_CTCF	ctcf_track_status	nearest_Imprintome_DMR	distance_to_Imprintome_DMR_bp	overlaps_Imprintome_DMR	nearest_Court2014_DMR	distance_to_Court2014_DMR_bp	overlaps_Court2014_DMR	nearest_ICR	distance_to_ICR_bp	overlaps_ICR
Control	entry	1	chr15	22013800	low	LOC105370733	0.0	True	chr15:22138979-22198664	0.0	True	BP2	830145.0	False			False	not_available	SNRPN	546130.0	False	ICR_888#	592738.0	False	ICR_888#	592738.0	False
Control	exit	1	chr15	22026300	low	LOC105370733	0.0	True	chr15:22138979-22198664	0.0	True	BP2	842645.0	False			False	not_available	SNRPN	533630.0	False	ICR_888#	605238.0	False	ICR_888#	605238.0	False
Control	entry	2	chr15	22048800	high	LOC105370733	0.0	True	chr15:22193666-22292850	0.0	True	BP2	865145.0	False			False	not_available	SNRPN	511130.0	False	ICR_888#	627738.0	False	ICR_888#	627738.0	False
Control	exit	2	chr15	22053400	low	LOC105370733	0.0	True	chr15:22193666-22292850	0.0	True	BP2	869745.0	False			False	not_available	SNRPN	506530.0	False	ICR_888#	632338.0	False	ICR_888#	632338.0	False
Control	entry	3	chr15	22063900	low	LOC105370733	0.0	True	chr15:22193666-22292850	0.0	True	BP2	880245.0	False			False	not_available	SNRPN	496030.0	False	ICR_893*^	627358.0	False	ICR_893*^	627358.0	False
Control	exit	3	chr15	22068800	low	LOC105370733	0.0	True	chr15:22193666-22292850	0.0	True	BP2	885145.0	False			False	not_available	SNRPN	491130.0	False	ICR_893*^	622458.0	False	ICR_893*^	622458.0	False
Control	entry	4	chr15	22083200	low	LOC105370733	0.0	True	chr15:21924221-22001675	0.0	True	BP2	899545.0	False			False	not_available	SNRPN	476730.0	False	ICR_893*^	608058.0	False	ICR_893*^	608058.0	False
Control	exit	4	chr15	22085300	low	LOC105370733	0.0	True	chr15:21924221-22001675	0.0	True	BP2	901645.0	False			False	not_available	SNRPN	474630.0	False	ICR_893*^	605958.0	False	ICR_893*^	605958.0	False
Control	entry	5	chr15	22108600	low	LOC105370733	0.0	True	chr15:21965937-21981659	0.0	True	BP2	924945.0	False			False	not_available	SNRPN	451330.0	False	ICR_893*^	582658.0	False	ICR_893*^	582658.0	False
Control	exit	5	chr15	22128700	low	LOC105370733	0.0	True	chr15:22279264-22312995	0.0	True	BP2	945045.0	False			False	not_available	SNRPN	431230.0	False	ICR_893*^	562558.0	False	ICR_893*^	562558.0	False
Control	entry	6	chr15	22113800	low	LOC105370733	0.0	True	chr15:21965937-21981659	0.0	True	BP2	930145.0	False			False	not_available	SNRPN	446130.0	False	ICR_893*^	577458.0	False	ICR_893*^	577458.0	False
Control	exit	6	chr15	22128700	low	LOC105370733	0.0	True	chr15:22279264-22312995	0.0	True	BP2	945045.0	False			False	not_available	SNRPN	431230.0	False	ICR_893*^	562558.0	False	ICR_893*^	562558.0	False
Control	entry	7	chr15	22161100	high	LOC105370733	0.0	True	chr15:22078211-22107690	0.0	True	BP2	977445.0	False			False	not_available	SNRPN	398830.0	False	ICR_893*^	530158.0	False	ICR_893*^	530158.0	False
Control	exit	7	chr15	22163700	high	LOC105370733	0.0	True	chr15:22078211-22107690	0.0	True	BP2	980045.0	False			False	not_available	SNRPN	396230.0	False	ICR_893*^	527558.0	False	ICR_893*^	527558.0	False
Control	entry	8	chr15	22172000	low	LOC105370733	0.0	True	chr15:21981580-22029348	0.0	True	BP2	988345.0	False			False	not_available	SNRPN	387930.0	False	ICR_893*^	519258.0	False	ICR_893*^	519258.0	False
Control	exit	8	chr15	22179700	low	LOC105370733	0.0	True	chr15:21981580-22029348	0.0	True	BP2	996045.0	False			False	not_available	SNRPN	380230.0	False	ICR_893*^	511558.0	False	ICR_893*^	511558.0	False
Control	entry	9	chr15	22173600	low	LOC105370733	0.0	True	chr15:21981580-22029348	0.0	True	BP2	989945.0	False			False	not_available	SNRPN	386330.0	False	ICR_893*^	517658.0	False	ICR_893*^	517658.0	False
Control	exit	9	chr15	22179700	low	LOC105370733	0.0	True	chr15:21981580-22029348	0.0	True	BP2	996045.0	False			False	not_available	SNRPN	380230.0	False	ICR_893*^	511558.0	False	ICR_893*^	511558.0	False
Control	entry	10	chr15	22186200	low	LOC105370733	0.0	True	chr15:21981580-22029348	0.0	True	BP2	1002545.0	False			False	not_available	SNRPN	373730.0	False	ICR_893*^	505058.0	False	ICR_893*^	505058.0	False
Control	exit	10	chr15	22194600	low	LOC105370733	0.0	True	chr15:21981580-22029348	0.0	True	BP2	1010945.0	False			False	not_available	SNRPN	365330.0	False	ICR_893*^	496658.0	False	ICR_893*^	496658.0	False
Control	entry	11	chr15	22254100	low	LOC105370733	0.0	True	chr15:21982698-22078206	0.0	True	BP2	1070445.0	False			False	not_available	SNRPN	305830.0	False	ICR_893*^	437158.0	False	ICR_893*^	437158.0	False
Control	exit	11	chr15	22257900	low	LOC105370733	0.0	True	chr15:21982698-22078206	0.0	True	BP2	1074245.0	False			False	not_available	SNRPN	302030.0	False	ICR_893*^	433358.0	False	ICR_893*^	433358.0	False
Control	entry	12	chr15	22267200	low	LOC105370733	0.0	True	chr15:21982698-22078206	0.0	True	BP2	1083545.0	False			False	not_available	SNRPN	292730.0	False	ICR_893*^	424058.0	False	ICR_893*^	424058.0	False
Control	exit	12	chr15	22319900	low	PWRN1	0.0	True	chr15:22107668-22140924	6905.0	False	BP2	1136245.0	False			False	not_available	SNRPN	240030.0	False	ICR_893*^	371358.0	False	ICR_893*^	371358.0	False
Control	entry	13	chr15	22267500	low	LOC105370733	0.0	True	chr15:21982698-22078206	0.0	True	BP2	1083845.0	False			False	not_available	SNRPN	292430.0	False	ICR_893*^	423758.0	False	ICR_893*^	423758.0	False
Control	exit	13	chr15	22296850	low	PWRN1	0.0	True	chr15:22107668-22140924	0.0	True	BP2	1113195.0	False			False	not_available	SNRPN	263080.0	False	ICR_893*^	394408.0	False	ICR_893*^	394408.0	False
Control	entry	14	chr15	22270900	low	LOC105370733	0.0	True	chr15:21982698-22078206	0.0	True	BP2	1087245.0	False			False	not_available	SNRPN	289030.0	False	ICR_893*^	420358.0	False	ICR_893*^	420358.0	False
Control	exit	14	chr15	22319900	low	PWRN1	0.0	True	chr15:22107668-22140924	6905.0	False	BP2	1136245.0	False			False	not_available	SNRPN	240030.0	False	ICR_893*^	371358.0	False	ICR_893*^	371358.0	False
Control	entry	15	chr15	22278200	low	LOC105370733	1655.0	False	chr15:21982698-22078206	0.0	True	BP2	1094545.0	False			False	not_available	SNRPN	281730.0	False	ICR_893*^	413058.0	False	ICR_893*^	413058.0	False
Control	exit	15	chr15	22305450	low	PWRN1	0.0	True	chr15:22107668-22140924	0.0	True	BP2	1121795.0	False			False	not_available	SNRPN	254480.0	False	ICR_893*^	385808.0	False	ICR_893*^	385808.0	False
Control	entry	16	chr15	22278800	low	LOC105370733	2255.0	False	chr15:21982698-22078206	0.0	True	BP2	1095145.0	False			False	not_available	SNRPN	281130.0	False	ICR_893*^	412458.0	False	ICR_893*^	412458.0	False
Control	exit	16	chr15	22319900	low	PWRN1	0.0	True	chr15:22107668-22140924	6905.0	False	BP2	1136245.0	False			False	not_available	SNRPN	240030.0	False	ICR_893*^	371358.0	False	ICR_893*^	371358.0	False
Control	entry	17	chr15	22281100	low	LOC105370733	4555.0	False	chr15:21982698-22078206	0.0	True	BP2	1097445.0	False			False	not_available	SNRPN	278830.0	False	ICR_893*^	410158.0	False	ICR_893*^	410158.0	False
Control	exit	17	chr15	22319900	low	PWRN1	0.0	True	chr15:22107668-22140924	6905.0	False	BP2	1136245.0	False			False	not_available	SNRPN	240030.0	False	ICR_893*^	371358.0	False	ICR_893*^	371358.0	False
Control	entry	18	chr15	22283600	low	LOC105370733	7055.0	False	chr15:21982698-22078206	0.0	True	BP2	1099945.0	False			False	not_available	SNRPN	276330.0	False	ICR_893*^	407658.0	False	ICR_893*^	407658.0	False
Control	exit	18	chr15	22319900	low	PWRN1	0.0	True	chr15:22107668-22140924	6905.0	False	BP2	1136245.0	False			False	not_available	SNRPN	240030.0	False	ICR_893*^	371358.0	False	ICR_893*^	371358.0	False
Control	entry	19	chr15	22285400	low	PWRN1	6881.0	False	chr15:21982698-22078206	0.0	True	BP2	1101745.0	False			False	not_available	SNRPN	274530.0	False	ICR_893*^	405858.0	False	ICR_893*^	405858.0	False
Control	exit	19	chr15	22319900	low	PWRN1	0.0	True	chr15:22107668-22140924	6905.0	False	BP2	1136245.0	False			False	not_available	SNRPN	240030.0	False	ICR_893*^	371358.0	False	ICR_893*^	371358.0	False
Control	entry	20	chr15	22289200	low	PWRN1	3081.0	False	chr15:21982698-22078206	0.0	True	BP2	1105545.0	False			False	not_available	SNRPN	270730.0	False	ICR_893*^	402058.0	False	ICR_893*^	402058.0	False
Control	exit	20	chr15	22319900	low	PWRN1	0.0	True	chr15:22107668-22140924	6905.0	False	BP2	1136245.0	False			False	not_available	SNRPN	240030.0	False	ICR_893*^	371358.0	False	ICR_893*^	371358.0	False
Control	entry	21	chr15	22302900	low	PWRN1	0.0	True	chr15:22107668-22140924	0.0	True	BP2	1119245.0	False			False	not_available	SNRPN	257030.0	False	ICR_893*^	388358.0	False	ICR_893*^	388358.0	False
Control	exit	21	chr15	22314450	low	PWRN1	0.0	True	chr15:22107668-22140924	1455.0	False	BP2	1130795.0	False			False	not_available	SNRPN	245480.0	False	ICR_893*^	376808.0	False	ICR_893*^	376808.0	False
Control	entry	22	chr15	22304600	low	PWRN1	0.0	True	chr15:22107668-22140924	0.0	True	BP2	1120945.0	False			False	not_available	SNRPN	255330.0	False	ICR_893*^	386658.0	False	ICR_893*^	386658.0	False
Control	exit	22	chr15	22319900	low	PWRN1	0.0	True	chr15:22107668-22140924	6905.0	False	BP2	1136245.0	False			False	not_available	SNRPN	240030.0	False	ICR_893*^	371358.0	False	ICR_893*^	371358.0	False
Control	entry	23	chr15	22306200	low	PWRN1	0.0	True	chr15:22107668-22140924	0.0	True	BP2	1122545.0	False			False	not_available	SNRPN	253730.0	False	ICR_893*^	385058.0	False	ICR_893*^	385058.0	False
Control	exit	23	chr15	22319900	low	PWRN1	0.0	True	chr15:22107668-22140924	6905.0	False	BP2	1136245.0	False			False	not_available	SNRPN	240030.0	False	ICR_893*^	371358.0	False	ICR_893*^	371358.0	False
Control	entry	24	chr15	22310800	low	PWRN1	0.0	True	chr15:22107668-22140924	0.0	True	BP2	1127145.0	False			False	not_available	SNRPN	249130.0	False	ICR_893*^	380458.0	False	ICR_893*^	380458.0	False
Control	exit	24	chr15	22319900	low	PWRN1	0.0	True	chr15:22107668-22140924	6905.0	False	BP2	1136245.0	False			False	not_available	SNRPN	240030.0	False	ICR_893*^	371358.0	False	ICR_893*^	371358.0	False
Control	entry	25	chr15	22334300	low	PWRN1	12402.0	False	chr15:22107668-22140924	21305.0	False	BP2	1150645.0	False			False	not_available	SNRPN	225630.0	False	ICR_893*^	356958.0	False	ICR_893*^	356958.0	False
Control	exit	25	chr15	22344400	low	PWRN1	22502.0	False	chr15:22107668-22140924	31405.0	False	BP2	1160745.0	False			False	not_available	SNRPN	215530.0	False	ICR_893*^	346858.0	False	ICR_893*^	346858.0	False
Control	entry	26	chr15	22338000	low	PWRN1	16102.0	False	chr15:22107668-22140924	25005.0	False	BP2	1154345.0	False			False	not_available	SNRPN	221930.0	False	ICR_893*^	353258.0	False	ICR_893*^	353258.0	False
Control	exit	26	chr15	22344400	low	PWRN1	22502.0	False	chr15:22107668-22140924	31405.0	False	BP2	1160745.0	False			False	not_available	SNRPN	215530.0	False	ICR_893*^	346858.0	False	ICR_893*^	346858.0	False
Control	entry	27	chr15	22344100	low	PWRN1	22202.0	False	chr15:22107668-22140924	31105.0	False	BP2	1160445.0	False			False	not_available	SNRPN	215830.0	False	ICR_893*^	347158.0	False	ICR_893*^	347158.0	False
Control	exit	27	chr15	22354600	low	PWRN1	32702.0	False	chr15:22107668-22140924	41605.0	False	BP2	1170945.0	False			False	not_available	SNRPN	205330.0	False	ICR_893*^	336658.0	False	ICR_893*^	336658.0	False
Control	entry	28	chr15	22352200	low	PWRN1	30302.0	False	chr15:22107668-22140924	39205.0	False	BP2	1168545.0	False			False	not_available	SNRPN	207730.0	False	ICR_893*^	339058.0	False	ICR_893*^	339058.0	False
Control	exit	28	chr15	22354600	low	PWRN1	32702.0	False	chr15:22107668-22140924	41605.0	False	BP2	1170945.0	False			False	not_available	SNRPN	205330.0	False	ICR_893*^	336658.0	False	ICR_893*^	336658.0	False
Control	entry	29	chr15	22359800	low	PWRN1	37902.0	False	chr15:22107668-22140924	46805.0	False	BP2	1176145.0	False			False	not_available	SNRPN	200130.0	False	ICR_893*^	331458.0	False	ICR_893*^	331458.0	False
Control	exit	29	chr15	22368400	low	NPAP1	43041.0	False	chr15:22107668-22140924	55405.0	False	BP2	1184745.0	False			False	not_available	SNRPN	191530.0	False	ICR_893*^	322858.0	False	ICR_893*^	322858.0	False
Control	entry	30	chr15	22396200	low	NPAP1	15241.0	False	chr15:22107668-22140924	83205.0	False	BP2	1212545.0	False			False	not_available	SNRPN	163730.0	False	ICR_893*^	295058.0	False	ICR_893*^	295058.0	False
Control	exit	30	chr15	22400100	low	NPAP1	11341.0	False	chr15:22107668-22140924	87105.0	False	BP2	1216445.0	False			False	not_available	SNRPN	159830.0	False	ICR_893*^	291158.0	False	ICR_893*^	291158.0	False
Control	entry	31	chr15	22397850	high	NPAP1	13591.0	False	chr15:22107668-22140924	84855.0	False	BP2	1214195.0	False			False	not_available	SNRPN	162080.0	False	ICR_893*^	293408.0	False	ICR_893*^	293408.0	False
Control	exit	31	chr15	22404100	low	NPAP1	7341.0	False	chr15:22107668-22140924	91105.0	False	BP2	1220445.0	False			False	not_available	SNRPN	155830.0	False	ICR_893*^	287158.0	False	ICR_893*^	287158.0	False
Control	entry	32	chr15	22399950	high	NPAP1	11491.0	False	chr15:22107668-22140924	86955.0	False	BP2	1216295.0	False			False	not_available	SNRPN	159980.0	False	ICR_893*^	291308.0	False	ICR_893*^	291308.0	False
Control	exit	32	chr15	22409500	low	NPAP1	1941.0	False	chr15:22107668-22140924	96505.0	False	BP2	1225845.0	False			False	not_available	SNRPN	150430.0	False	ICR_893*^	281758.0	False	ICR_893*^	281758.0	False
Control	entry	33	chr15	22404700	high	NPAP1	6741.0	False	chr15:22107668-22140924	91705.0	False	BP2	1221045.0	False			False	not_available	SNRPN	155230.0	False	ICR_893*^	286558.0	False	ICR_893*^	286558.0	False
Control	exit	33	chr15	22409500	low	NPAP1	1941.0	False	chr15:22107668-22140924	96505.0	False	BP2	1225845.0	False			False	not_available	SNRPN	150430.0	False	ICR_893*^	281758.0	False	ICR_893*^	281758.0	False
Control	entry	34	chr15	22447200	low	NPAP1	28145.0	False	chr15:22107668-22140924	134205.0	False	BP2	1263545.0	False			False	not_available	SNRPN	112730.0	False	ICR_893*^	244058.0	False	ICR_893*^	244058.0	False
Control	exit	34	chr15	22457100	low	NPAP1	38045.0	False	chr15:22107668-22140924	144105.0	False	BP2	1273445.0	False			False	not_available	SNRPN	102830.0	False	ICR_893*^	234158.0	False	ICR_893*^	234158.0	False
Control	entry	35	chr15	22500800	high	SNHG14	59460.0	False	chr6:128551420-128552415	144657.0	False	BP2	1317145.0	False			False	not_available	SNRPN	59130.0	False	ICR_893*^	190458.0	False	ICR_893*^	190458.0	False
Control	exit	35	chr15	22509800	low	SNHG14	50460.0	False	chr6:128551420-128552415	135657.0	False	BP2	1326145.0	False			False	not_available	SNRPN	50130.0	False	ICR_893*^	181458.0	False	ICR_893*^	181458.0	False
Control	entry	36	chr15	22505700	low	SNHG14	54560.0	False	chr6:128551420-128552415	139757.0	False	BP2	1322045.0	False			False	not_available	SNRPN	54230.0	False	ICR_893*^	185558.0	False	ICR_893*^	185558.0	False
Control	exit	36	chr15	22511400	low	SNHG14	48860.0	False	chr6:128551420-128552415	134057.0	False	BP2	1327745.0	False			False	not_available	SNRPN	48530.0	False	ICR_893*^	179858.0	False	ICR_893*^	179858.0	False
Control	entry	37	chr15	22508500	high	SNHG14	51760.0	False	chr6:128551420-128552415	136957.0	False	BP2	1324845.0	False			False	not_available	SNRPN	51430.0	False	ICR_893*^	182758.0	False	ICR_893*^	182758.0	False
Control	exit	37	chr15	22514550	low	SNHG14	45710.0	False	chr6:128551420-128552415	130907.0	False	BP2	1330895.0	False			False	not_available	SNRPN	45380.0	False	ICR_893*^	176708.0	False	ICR_893*^	176708.0	False
Control	entry	38	chr15	22514250	high	SNHG14	46010.0	False	chr6:128551420-128552415	131207.0	False	BP2	1330595.0	False			False	not_available	SNRPN	45680.0	False	ICR_893*^	177008.0	False	ICR_893*^	177008.0	False
Control	exit	38	chr15	22517600	high	SNHG14	42660.0	False	chr6:128551420-128552415	127857.0	False	BP2	1333945.0	False			False	not_available	SNRPN	42330.0	False	ICR_893*^	173658.0	False	ICR_893*^	173658.0	False
Control	entry	39	chr15	22524200	low	SNHG14	36060.0	False	chr6:128551420-128552415	121257.0	False	BP2	1340545.0	False			False	not_available	SNRPN	35730.0	False	ICR_893*^	167058.0	False	ICR_893*^	167058.0	False
Control	exit	39	chr15	22532400	low	SNHG14	27860.0	False	chr6:128551420-128552415	113057.0	False	BP2	1348745.0	False			False	not_available	SNRPN	27530.0	False	ICR_893*^	158858.0	False	ICR_893*^	158858.0	False
Control	entry	40	chr15	22559250	high	SNHG14	1010.0	False	chr6:128551420-128552415	86207.0	False	BP2	1375595.0	False			False	not_available	SNRPN	680.0	False	ICR_893*^	132008.0	False	ICR_893*^	132008.0	False
Control	exit	40	chr15	22568400	low	SNHG14	0.0	True	chr6:128551420-128552415	77057.0	False	BP2	1384745.0	False			False	not_available	SNRPN	8044.0	False	ICR_893*^	122858.0	False	ICR_893*^	122858.0	False
Control	entry	41	chr15	22562100	low	SNHG14	0.0	True	chr6:128551420-128552415	83357.0	False	BP2	1378445.0	False			False	not_available	SNRPN	1744.0	False	ICR_893*^	129158.0	False	ICR_893*^	129158.0	False
Control	exit	41	chr15	22573100	low	SNHG14	0.0	True	chr6:128551420-128552415	72357.0	False	BP2	1389445.0	False			False	not_available	SNRPN	12744.0	False	ICR_893*^	118158.0	False	ICR_893*^	118158.0	False
Control	entry	42	chr15	22583400	high	SNHG14	0.0	True	chr6:128551420-128552415	62057.0	False	BP2	1399745.0	False			False	not_available	SNRPN	23044.0	False	ICR_893*^	107858.0	False	ICR_893*^	107858.0	False
Control	exit	42	chr15	22586300	high	SNHG14	0.0	True	chr6:128551420-128552415	59157.0	False	BP2	1402645.0	False			False	not_available	SNRPN	25944.0	False	ICR_893*^	104958.0	False	ICR_893*^	104958.0	False
Control	entry	43	chr15	22592600	high	SNHG14	0.0	True	chr6:128551420-128552415	52857.0	False	BP2	1408945.0	False			False	not_available	SNRPN	32244.0	False	ICR_893*^	98658.0	False	ICR_893*^	98658.0	False
Control	exit	43	chr15	22602350	low	SNHG14	0.0	True	chr6:128551420-128552415	43107.0	False	BP2	1418695.0	False			False	not_available	SNRPN	41994.0	False	ICR_893*^	88908.0	False	ICR_893*^	88908.0	False
Control	entry	44	chr15	22611050	low	SNHG14	0.0	True	chr6:128551420-128552415	34407.0	False	BP2	1427395.0	False			False	not_available	SNRPN	50694.0	False	ICR_893*^	80208.0	False	ICR_893*^	80208.0	False
Control	exit	44	chr15	22613150	low	SNHG14	0.0	True	chr6:128551420-128552415	32307.0	False	BP2	1429495.0	False			False	not_available	SNRPN	52794.0	False	ICR_893*^	78108.0	False	ICR_893*^	78108.0	False
Control	entry	45	chr15	22614100	low	SNHG14	0.0	True	chr6:128551420-128552415	31357.0	False	BP2	1430445.0	False			False	not_available	SNRPN	53744.0	False	ICR_893*^	77158.0	False	ICR_893*^	77158.0	False
Control	exit	45	chr15	22620400	low	SNHG14	0.0	True	chr6:128551420-128552415	25057.0	False	BP2	1436745.0	False			False	not_available	SNRPN	60044.0	False	ICR_893*^	70858.0	False	ICR_893*^	70858.0	False
Control	entry	46	chr15	22635800	low	SNHG14	0.0	True	chr6:128551420-128552415	9657.0	False	BP2	1452145.0	False			False	not_available	SNRPN	75444.0	False	ICR_893*^	55458.0	False	ICR_893*^	55458.0	False
Control	exit	46	chr15	22639400	low	SNHG14	0.0	True	chr6:128551420-128552415	6057.0	False	BP2	1455745.0	False			False	not_available	SNRPN	79044.0	False	ICR_893*^	51858.0	False	ICR_893*^	51858.0	False
Control	entry	47	chr15	22690600	high	SNHG14	0.0	True	chr1:184583623-184584692	44064.0	False	BP2	1506945.0	False			False	not_available	SNRPN	130244.0	False	ICR_893*^	658.0	False	ICR_893*^	658.0	False
Control	exit	47	chr15	22696850	high	SNHG14	0.0	True	chr1:184583623-184584692	50314.0	False	BP2	1513195.0	False			False	not_available	SNRPN	136494.0	False	ICR_893*^	3356.0	False	ICR_893*^	3356.0	False
Control	entry	48	chr15	22728050	high	SNHG14	0.0	True	chr1:184583623-184584692	81514.0	False	BP2	1544395.0	False			False	not_available	SNRPN	167694.0	False	ICR_893*^	34556.0	False	ICR_893*^	34556.0	False
Control	exit	48	chr15	22735150	low	SNHG14	0.0	True	chr1:184583623-184584692	88614.0	False	BP2	1551495.0	False			False	not_available	SNRPN	174794.0	False	ICR_893*^	41656.0	False	ICR_893*^	41656.0	False
Control	entry	49	chr15	22738500	low	SNHG14	0.0	True	chr1:184583623-184584692	91964.0	False	BP2	1554845.0	False			False	not_available	SNRPN	178144.0	False	ICR_893*^	45006.0	False	ICR_893*^	45006.0	False
Control	exit	49	chr15	22742100	low	SNHG14	0.0	True	chr1:184583623-184584692	95564.0	False	BP2	1558445.0	False			False	not_available	SNRPN	181744.0	False	ICR_893*^	48606.0	False	ICR_893*^	48606.0	False
Control	entry	50	chr15	22744700	low	SNHG14	0.0	True	chr1:184583623-184584692	98164.0	False	BP2	1561045.0	False			False	not_available	SNRPN	184344.0	False	ICR_893*^	51206.0	False	ICR_893*^	51206.0	False
Control	exit	50	chr15	22758900	low	SNHG14	0.0	True	chr1:184583623-184584692	112364.0	False	BP2	1575245.0	False			False	not_available	SNRPN	198544.0	False	ICR_893*^	65406.0	False	ICR_893*^	65406.0	False
Control	entry	51	chr15	22766400	low	SNHG14	0.0	True	chr1:184583623-184584692	119864.0	False	BP2	1582745.0	False			False	not_available	SNRPN	206044.0	False	ICR_893*^	72906.0	False	ICR_893*^	72906.0	False
Control	exit	51	chr15	22774200	low	SNHG14	0.0	True	chr1:184583623-184584692	127664.0	False	BP2	1590545.0	False			False	not_available	SNRPN	213844.0	False	ICR_893*^	80706.0	False	ICR_893*^	80706.0	False
Control	entry	52	chr15	22834600	low	SNHG14	0.0	True	chr9:7799149-7802393	69352.0	False	BP2	1650945.0	False			False	not_available	SNRPN	274244.0	False	ICR_893*^	141106.0	False	ICR_893*^	141106.0	False
Control	exit	52	chr15	22857000	low	SNHG14	0.0	True	chr9:7799149-7802393	46952.0	False	BP2	1673345.0	False			False	not_available	SNRPN	296644.0	False	ICR_893*^	163506.0	False	ICR_893*^	163506.0	False
Control	entry	53	chr15	22852350	low	SNHG14	0.0	True	chr9:7799149-7802393	51602.0	False	BP2	1668695.0	False			False	not_available	SNRPN	291994.0	False	ICR_893*^	158856.0	False	ICR_893*^	158856.0	False
Control	exit	53	chr15	22857750	high	SNHG14	0.0	True	chr9:7799149-7802393	46202.0	False	BP2	1674095.0	False			False	not_available	SNRPN	297394.0	False	ICR_893*^	164256.0	False	ICR_893*^	164256.0	False
Control	entry	54	chr15	22866600	low	SNHG14	0.0	True	chr9:7799149-7802393	37352.0	False	BP2	1682945.0	False			False	not_available	SNRPN	306244.0	False	ICR_893*^	173106.0	False	ICR_893*^	173106.0	False
Control	exit	54	chr15	22870100	low	SNHG14	0.0	True	chr9:7799149-7802393	33852.0	False	BP2	1686445.0	False			False	not_available	SNRPN	309744.0	False	ICR_893*^	176606.0	False	ICR_893*^	176606.0	False
Control	entry	55	chr15	22873650	high	SNHG14	0.0	True	chr9:7799149-7802393	30302.0	False	BP2	1689995.0	False			False	not_available	SNRPN	313294.0	False	ICR_893*^	180156.0	False	ICR_893*^	180156.0	False
Control	exit	55	chr15	22878950	low	SNHG14	0.0	True	chr9:7799149-7802393	25002.0	False	BP2	1695295.0	False			False	not_available	SNRPN	318594.0	False	ICR_893*^	185456.0	False	ICR_893*^	185456.0	False
Control	entry	56	chr15	22877400	low	SNHG14	0.0	True	chr9:7799149-7802393	26552.0	False	BP2	1693745.0	False			False	not_available	SNRPN	317044.0	False	ICR_893*^	183906.0	False	ICR_893*^	183906.0	False
Control	exit	56	chr15	22885200	low	SNHG14	0.0	True	chr9:7799149-7802393	18752.0	False	BP2	1701545.0	False			False	not_available	SNRPN	324844.0	False	ICR_893*^	191706.0	False	ICR_893*^	191706.0	False
Control	entry	57	chr15	22888900	high	SNHG14	0.0	True	chr9:7799149-7802393	15052.0	False	BP2	1705245.0	False			False	not_available	SNRPN	328544.0	False	ICR_893*^	195406.0	False	ICR_893*^	195406.0	False
Control	exit	57	chr15	22903950	low	SNHG14	0.0	True	chr9:7799149-7802393	2.0	False	BP2	1720295.0	False			False	not_available	SNRPN	343594.0	False	ICR_893*^	210456.0	False	ICR_893*^	210456.0	False
Control	entry	58	chr15	23022200	low	SNHG14	0.0	True	chr9:7799149-7802393	115836.0	False	BP2	1838545.0	False			False	not_available	SNRPN	461844.0	False	ICR_893*^	328706.0	False	ICR_893*^	328706.0	False
Control	exit	58	chr15	23025600	low	SNHG14	0.0	True	chr9:7799149-7802393	119236.0	False	BP2	1841945.0	False			False	not_available	SNRPN	465244.0	False	ICR_893*^	332106.0	False	ICR_893*^	332106.0	False
Control	entry	59	chr15	23026300	low	SNHG14	0.0	True	chr9:7799149-7802393	119936.0	False	BP2	1842645.0	False			False	not_available	SNRPN	465944.0	False	ICR_893*^	332806.0	False	ICR_893*^	332806.0	False
Control	exit	59	chr15	23030000	low	SNHG14	0.0	True	chr9:7799149-7802393	123636.0	False	BP2	1846345.0	False			False	not_available	SNRPN	469644.0	False	ICR_893*^	336506.0	False	ICR_893*^	336506.0	False
Control	entry	60	chr15	23028000	low	SNHG14	0.0	True	chr9:7799149-7802393	121636.0	False	BP2	1844345.0	False			False	not_available	SNRPN	467644.0	False	ICR_893*^	334506.0	False	ICR_893*^	334506.0	False
Control	exit	60	chr15	23030000	low	SNHG14	0.0	True	chr9:7799149-7802393	123636.0	False	BP2	1846345.0	False			False	not_available	SNRPN	469644.0	False	ICR_893*^	336506.0	False	ICR_893*^	336506.0	False
Control	entry	61	chr15	23028050	low	SNHG14	0.0	True	chr9:7799149-7802393	121686.0	False	BP2	1844395.0	False			False	not_available	SNRPN	467694.0	False	ICR_893*^	334556.0	False	ICR_893*^	334556.0	False
Control	exit	61	chr15	23031550	low	SNHG14	0.0	True	chr9:7799149-7802393	125186.0	False	BP2	1847895.0	False			False	not_available	SNRPN	471194.0	False	ICR_893*^	338056.0	False	ICR_893*^	338056.0	False
Control	entry	62	chr15	23105800	low	SNHG14	0.0	True	chr9:7799149-7802393	199436.0	False	BP2	1922145.0	False			False	not_available	SNRPN	545444.0	False	ICR_893*^	412306.0	False	ICR_893*^	412306.0	False
Control	exit	62	chr15	23107750	low	SNHG14	0.0	True	chr9:7799149-7802393	201386.0	False	BP2	1924095.0	False			False	not_available	SNRPN	547394.0	False	ICR_893*^	414256.0	False	ICR_893*^	414256.0	False
Control	entry	63	chr15	23108500	low	SNHG14	0.0	True	chr9:7799149-7802393	202136.0	False	BP2	1924845.0	False			False	not_available	SNRPN	548144.0	False	ICR_893*^	415006.0	False	ICR_893*^	415006.0	False
Control	exit	63	chr15	23110500	low	SNHG14	0.0	True	chr9:7799149-7802393	204136.0	False	BP2	1926845.0	False			False	not_available	SNRPN	550144.0	False	ICR_893*^	417006.0	False	ICR_893*^	417006.0	False
Control	entry	64	chr15	23160100	low	UBE3A	0.0	True	chr9:7799149-7802393	253736.0	False	BP2	1976445.0	False			False	not_available	SNRPN	599744.0	False	ICR_893*^	466606.0	False	ICR_893*^	466606.0	False
Control	exit	64	chr15	23162300	low	UBE3A	0.0	True	chr9:7799149-7802393	255936.0	False	BP2	1978645.0	False			False	not_available	SNRPN	601944.0	False	ICR_893*^	468806.0	False	ICR_893*^	468806.0	False
Control	entry	65	chr15	23200300	low	LINC02250	0.0	True	chr9:7799149-7802393	293936.0	False	BP2	2016645.0	False			False	not_available	SNRPN	639944.0	False	ICR_893*^	506806.0	False	ICR_893*^	506806.0	False
Control	exit	65	chr15	23203700	low	LINC02250	0.0	True	chr9:7799149-7802393	297336.0	False	BP2	2020045.0	False			False	not_available	SNRPN	643344.0	False	ICR_893*^	510206.0	False	ICR_893*^	510206.0	False
Control	entry	66	chr15	23227200	low	LINC02250	0.0	True	chr9:7799149-7802393	320836.0	False	BP2	2043545.0	False			False	not_available	SNRPN	666844.0	False	ICR_893*^	533706.0	False	ICR_893*^	533706.0	False
Control	exit	66	chr15	23229200	low	LINC02250	0.0	True	chr9:7799149-7802393	322836.0	False	BP2	2045545.0	False			False	not_available	SNRPN	668844.0	False	ICR_893*^	535706.0	False	ICR_893*^	535706.0	False
Control	entry	67	chr15	23267300	low	LINC02250	0.0	True	chr9:7799149-7802393	360936.0	False	BP2	2083645.0	False			False	not_available	SNRPN	706944.0	False	ICR_893*^	573806.0	False	ICR_893*^	573806.0	False
Control	exit	67	chr15	23271100	low	LINC02250	0.0	True	chr9:7799149-7802393	364736.0	False	BP2	2087445.0	False			False	not_available	SNRPN	710744.0	False	ICR_893*^	577606.0	False	ICR_893*^	577606.0	False
Control	entry	68	chr15	23315300	low	LINC02250	0.0	True	chr15:26499881-26505646	372253.0	False	BP2	2131645.0	False			False	not_available	SNRPN	754944.0	False	ICR_893*^	621806.0	False	ICR_893*^	621806.0	False
Control	exit	68	chr15	23317300	low	LINC02250	756.0	False	chr15:26499881-26505646	370253.0	False	BP2	2133645.0	False			False	not_available	SNRPN	756944.0	False	ICR_893*^	623806.0	False	ICR_893*^	623806.0	False
Control	entry	69	chr15	23624700	low	ATP10A-DT	6906.0	False	chr15:26499881-26505646	62853.0	False	BP3	2251212.0	False			False	not_available	SNRPN	1064344.0	False	ICR_893*^	931206.0	False	ICR_893*^	931206.0	False
Control	exit	69	chr15	23628600	low	ATP10A-DT	10806.0	False	chr15:26499881-26505646	58953.0	False	BP3	2247312.0	False			False	not_available	SNRPN	1068244.0	False	ICR_893*^	935106.0	False	ICR_893*^	935106.0	False
Control	entry	70	chr15	23825700	low	TRE-TTC2-2	2964.0	False	chr15:26499881-26505646	133918.0	False	BP3	2050212.0	False			False	not_available	SNRPN	1265344.0	False	ICR_893*^	1132206.0	False	ICR_893*^	1132206.0	False
Control	exit	70	chr15	23830400	low	LOC105370739	0.0	True	chr15:26499881-26505646	138618.0	False	BP3	2045512.0	False			False	not_available	SNRPN	1270044.0	False	ICR_893*^	1136906.0	False	ICR_893*^	1136906.0	False
Control	entry	71	chr15	23848000	low	LOC105370739	0.0	True	chr15:26499881-26505646	156218.0	False	BP3	2027912.0	False			False	not_available	SNRPN	1287644.0	False	ICR_893*^	1154506.0	False	ICR_893*^	1154506.0	False
Control	exit	71	chr15	23850300	low	LOC105370739	0.0	True	chr15:26499881-26505646	158518.0	False	BP3	2025612.0	False			False	not_available	SNRPN	1289944.0	False	ICR_893*^	1156806.0	False	ICR_893*^	1156806.0	False
Control	entry	72	chr15	23913100	low	LOC105370739	29681.0	False	chr15:26499881-26505646	221318.0	False	BP3	1962812.0	False			False	not_available	SNRPN	1352744.0	False	ICR_893*^	1219606.0	False	ICR_893*^	1219606.0	False
Control	exit	72	chr15	23915100	low	LOC105370739	31681.0	False	chr15:26499881-26505646	223318.0	False	BP3	1960812.0	False			False	not_available	SNRPN	1354744.0	False	ICR_893*^	1221606.0	False	ICR_893*^	1221606.0	False
Control	entry	73	chr15	24024700	low	LOC124903568	18375.0	False	chr15:26499881-26505646	332918.0	False	BP3	1851212.0	False			False	not_available	SNRPN	1464344.0	False	ICR_893*^	1331206.0	False	ICR_893*^	1331206.0	False
Control	exit	73	chr15	24028000	low	LOC124903568	21675.0	False	chr15:26499881-26505646	336218.0	False	BP3	1847912.0	False			False	not_available	SNRPN	1467644.0	False	ICR_893*^	1334506.0	False	ICR_893*^	1334506.0	False
Control	entry	74	chr15	24065200	low	LOC124903568	58875.0	False	chr15:26499881-26505646	373418.0	False	BP3	1810712.0	False			False	not_available	SNRPN	1504844.0	False	ICR_893*^	1371706.0	False	ICR_893*^	1371706.0	False
Control	exit	74	chr15	24068800	low	LOC124903568	62475.0	False	chr15:26499881-26505646	377018.0	False	BP3	1807112.0	False			False	not_available	SNRPN	1508444.0	False	ICR_893*^	1375306.0	False	ICR_893*^	1375306.0	False
Control	entry	75	chr15	24085300	low	LINC02248	50176.0	False	chr15:26499881-26505646	393518.0	False	BP3	1790612.0	False			False	not_available	SNRPN	1524944.0	False	ICR_893*^	1391806.0	False	ICR_893*^	1391806.0	False
Control	exit	75	chr15	24087300	low	LINC02248	48176.0	False	chr15:26499881-26505646	395518.0	False	BP3	1788612.0	False			False	not_available	SNRPN	1526944.0	False	ICR_893*^	1393806.0	False	ICR_893*^	1393806.0	False
Control	entry	76	chr15	24239100	low	LOC105370740	20515.0	False	chr15:26499881-26505646	547318.0	False	BP3	1636812.0	False			False	not_available	SNRPN	1678744.0	False	ICR_893*^	1545606.0	False	ICR_893*^	1545606.0	False
Control	exit	76	chr15	24243700	low	LOC105370740	25115.0	False	chr15:26499881-26505646	551918.0	False	BP3	1632212.0	False			False	not_available	SNRPN	1683344.0	False	ICR_893*^	1550206.0	False	ICR_893*^	1550206.0	False
Control	entry	77	chr15	24250300	low	LOC105370740	31715.0	False	chr15:26499881-26505646	558518.0	False	BP3	1625612.0	False			False	not_available	SNRPN	1689944.0	False	ICR_893*^	1556806.0	False	ICR_893*^	1556806.0	False
Control	exit	77	chr15	24256300	low	GABRB3	27687.0	False	chr15:26499881-26505646	564518.0	False	BP3	1619612.0	False			False	not_available	SNRPN	1695944.0	False	ICR_893*^	1562806.0	False	ICR_893*^	1562806.0	False
Control	entry	78	chr15	24335700	low	GABRB3	0.0	True	chr15:26499881-26505646	643918.0	False	BP3	1540212.0	False			False	not_available	SNRPN	1775344.0	False	ICR_893*^	1642206.0	False	ICR_893*^	1642206.0	False
Control	exit	78	chr15	24338800	low	GABRB3	0.0	True	chr15:26499881-26505646	647018.0	False	BP3	1537112.0	False			False	not_available	SNRPN	1778444.0	False	ICR_893*^	1645306.0	False	ICR_893*^	1645306.0	False
Control	entry	79	chr15	24644200	low	GABRA5	0.0	True	chr15:26499881-26505646	952418.0	False	BP3	1231712.0	False			False	not_available	SNRPN	2083844.0	False	ICR_893*^	1950706.0	False	ICR_893*^	1950706.0	False
Control	exit	79	chr15	24652100	low	GABRA5	0.0	True	chr15:26499881-26505646	960318.0	False	BP3	1223812.0	False			False	not_available	SNRPN	2091744.0	False	ICR_893*^	1958606.0	False	ICR_893*^	1958606.0	False
Control	entry	80	chr15	24663200	low	GABRA5	0.0	True	chr15:55583987-55585095	967991.0	False	BP3	1212712.0	False			False	not_available	SNRPN	2102844.0	False	ICR_893*^	1969706.0	False	ICR_893*^	1969706.0	False
Control	exit	80	chr15	24666900	low	GABRA5	0.0	True	chr15:55583987-55585095	964291.0	False	BP3	1209012.0	False			False	not_available	SNRPN	2106544.0	False	ICR_893*^	1973406.0	False	ICR_893*^	1973406.0	False
Control	entry	81	chr15	24696400	high	GABRA5	5608.0	False	chr15:55583987-55585095	934791.0	False	BP3	1179512.0	False			False	not_available	SNRPN	2136044.0	False	ICR_893*^	2002906.0	False	ICR_893*^	2002906.0	False
Control	exit	81	chr15	24698900	high	TVP23BP1	7572.0	False	chr15:55583987-55585095	932291.0	False	BP3	1177012.0	False			False	not_available	SNRPN	2138544.0	False	ICR_893*^	2005406.0	False	ICR_893*^	2005406.0	False
Control	entry	82	chr15	24719500	high	GABRG3	0.0	True	chr15:55583987-55585095	911691.0	False	BP3	1156412.0	False			False	not_available	SNRPN	2159144.0	False	ICR_893*^	2026006.0	False	ICR_893*^	2026006.0	False
Control	exit	82	chr15	24724600	low	GABRG3	0.0	True	chr15:55583987-55585095	906591.0	False	BP3	1151312.0	False			False	not_available	SNRPN	2164244.0	False	ICR_893*^	2031106.0	False	ICR_893*^	2031106.0	False
Control	entry	83	chr15	24720400	low	GABRG3	0.0	True	chr15:55583987-55585095	910791.0	False	BP3	1155512.0	False			False	not_available	SNRPN	2160044.0	False	ICR_893*^	2026906.0	False	ICR_893*^	2026906.0	False
Control	exit	83	chr15	24723100	low	GABRG3	0.0	True	chr15:55583987-55585095	908091.0	False	BP3	1152812.0	False			False	not_available	SNRPN	2162744.0	False	ICR_893*^	2029606.0	False	ICR_893*^	2029606.0	False
Control	entry	84	chr15	24814300	high	GABRG3	0.0	True	chr15:55583987-55585095	816891.0	False	BP3	1061612.0	False			False	not_available	SNRPN	2253944.0	False	ICR_893*^	2120806.0	False	ICR_893*^	2120806.0	False
Control	exit	84	chr15	24827200	high	GABRG3	0.0	True	chr15:55583987-55585095	803991.0	False	BP3	1048712.0	False			False	not_available	SNRPN	2266844.0	False	ICR_893*^	2133706.0	False	ICR_893*^	2133706.0	False
Control	entry	85	chr15	24860200	low	GABRG3	0.0	True	chr15:55583987-55585095	770991.0	False	BP3	1015712.0	False			False	not_available	SNRPN	2299844.0	False	ICR_893*^	2166706.0	False	ICR_893*^	2166706.0	False
Control	exit	85	chr15	24863400	low	GABRG3	0.0	True	chr15:55583987-55585095	767791.0	False	BP3	1012512.0	False			False	not_available	SNRPN	2303044.0	False	ICR_893*^	2169906.0	False	ICR_893*^	2169906.0	False
Control	entry	86	chr15	24939000	low	GABRG3	0.0	True	chr15:55583987-55585095	692191.0	False	BP3	936912.0	False			False	not_available	SNRPN	2378644.0	False	ICR_893*^	2245506.0	False	ICR_893*^	2245506.0	False
Control	exit	86	chr15	24942700	low	GABRG3	0.0	True	chr15:55583987-55585095	688491.0	False	BP3	933212.0	False			False	not_available	SNRPN	2382344.0	False	ICR_893*^	2249206.0	False	ICR_893*^	2249206.0	False
Control	entry	87	chr15	25007800	high	GABRG3	0.0	True	chr15:55583987-55585095	623391.0	False	BP3	868112.0	False			False	not_available	SNRPN	2447444.0	False	ICR_893*^	2314306.0	False	ICR_893*^	2314306.0	False
Control	exit	87	chr15	25011950	low	GABRG3	0.0	True	chr15:55583987-55585095	619241.0	False	BP3	863962.0	False			False	not_available	SNRPN	2451594.0	False	ICR_893*^	2318456.0	False	ICR_893*^	2318456.0	False
Control	entry	88	chr15	25136300	low	GABRG3	0.0	True	chr15:55583987-55585095	494891.0	False	BP3	739612.0	False			False	not_available	SNRPN	2575944.0	False	ICR_893*^	2442806.0	False	ICR_893*^	2442806.0	False
Control	exit	88	chr15	25138300	low	GABRG3	0.0	True	chr15:55583987-55585095	492891.0	False	BP3	737612.0	False			False	not_available	SNRPN	2577944.0	False	ICR_893*^	2444806.0	False	ICR_893*^	2444806.0	False
Control	entry	89	chr15	25207600	high	GABRG3	0.0	True	chr15:55583987-55585095	423591.0	False	BP3	668312.0	False			False	not_available	SNRPN	2647244.0	False	ICR_893*^	2514106.0	False	ICR_893*^	2514106.0	False
Control	exit	89	chr15	25212750	high	GABRG3	0.0	True	chr15:55583987-55585095	418441.0	False	BP3	663162.0	False			False	not_available	SNRPN	2652394.0	False	ICR_893*^	2519256.0	False	ICR_893*^	2519256.0	False
Control	entry	90	chr15	25421900	low	OCA2	39532.0	False	chr15:55583987-55585095	209291.0	False	BP3	454012.0	False			False	not_available	SNRPN	2861544.0	False	ICR_893*^	2728406.0	False	ICR_893*^	2728406.0	False
Control	exit	90	chr15	25428500	low	OCA2	32932.0	False	chr15:55583987-55585095	202691.0	False	BP3	447412.0	False			False	not_available	SNRPN	2868144.0	False	ICR_893*^	2735006.0	False	ICR_893*^	2735006.0	False
Control	entry	91	chr15	25532200	low	OCA2	0.0	True	chr15:55583987-55585095	98991.0	False	BP3	343712.0	False			False	not_available	SNRPN	2971844.0	False	ICR_893*^	2838706.0	False	ICR_893*^	2838706.0	False
Control	exit	91	chr15	25538800	low	OCA2	0.0	True	chr15:55583987-55585095	92391.0	False	BP3	337112.0	False			False	not_available	SNRPN	2978444.0	False	ICR_893*^	2845306.0	False	ICR_893*^	2845306.0	False
Control	entry	92	chr15	25618800	low	OCA2	0.0	True	chr15:55583987-55585095	12391.0	False	BP3	257112.0	False			False	not_available	SNRPN	3058444.0	False	ICR_893*^	2925306.0	False	ICR_893*^	2925306.0	False
Control	exit	92	chr15	25624600	low	OCA2	0.0	True	chr15:55583987-55585095	6591.0	False	BP3	251312.0	False			False	not_available	SNRPN	3064244.0	False	ICR_893*^	2931106.0	False	ICR_893*^	2931106.0	False
Control	entry	93	chr15	25622000	low	OCA2	0.0	True	chr15:55583987-55585095	9191.0	False	BP3	253912.0	False			False	not_available	SNRPN	3061644.0	False	ICR_893*^	2928506.0	False	ICR_893*^	2928506.0	False
Control	exit	93	chr15	25624600	low	OCA2	0.0	True	chr15:55583987-55585095	6591.0	False	BP3	251312.0	False			False	not_available	SNRPN	3064244.0	False	ICR_893*^	2931106.0	False	ICR_893*^	2931106.0	False
Control	entry	94	chr15	25661400	low	OCA2	0.0	True	chr15:22645477-22646492	22225.0	False	BP3	214512.0	False			False	not_available	SNRPN	3101044.0	False	ICR_893*^	2967906.0	False	ICR_893*^	2967906.0	False
Control	exit	94	chr15	25663500	low	OCA2	0.0	True	chr15:22645477-22646492	24325.0	False	BP3	212412.0	False			False	not_available	SNRPN	3103144.0	False	ICR_893*^	2970006.0	False	ICR_893*^	2970006.0	False
Control	entry	95	chr15	25738000	low	OCA2	0.0	True	chr15:22645477-22646492	98825.0	False	BP3	137912.0	False			False	not_available	SNRPN	3177644.0	False	ICR_893*^	3044506.0	False	ICR_893*^	3044506.0	False
Control	exit	95	chr15	25745400	low	OCA2	0.0	True	chr15:22645477-22646492	106225.0	False	BP3	130512.0	False			False	not_available	SNRPN	3185044.0	False	ICR_893*^	3051906.0	False	ICR_893*^	3051906.0	False
Control	entry	96	chr15	25742000	low	OCA2	0.0	True	chr15:22645477-22646492	102825.0	False	BP3	133912.0	False			False	not_available	SNRPN	3181644.0	False	ICR_893*^	3048506.0	False	ICR_893*^	3048506.0	False
Control	exit	96	chr15	25745400	low	OCA2	0.0	True	chr15:22645477-22646492	106225.0	False	BP3	130512.0	False			False	not_available	SNRPN	3185044.0	False	ICR_893*^	3051906.0	False	ICR_893*^	3051906.0	False
Control	entry	97	chr15	26157000	low	ABCB10P3	8939.0	False	chr15:26262755-26405485	0.0	True	BP3	0.0	True			False	not_available	SNRPN	3596644.0	False	ICR_893*^	3463506.0	False	ICR_893*^	3463506.0	False
Control	exit	97	chr15	26158800	low	ABCB10P3	10739.0	False	chr15:26262755-26405485	0.0	True	BP3	0.0	True			False	not_available	SNRPN	3598444.0	False	ICR_893*^	3465306.0	False	ICR_893*^	3465306.0	False
Control	entry	98	chr15	26250100	low	LOC101059997	0.0	True	chr15:20807477-20953603	0.0	True	BP3	0.0	True			False	not_available	SNRPN	3689744.0	False	ICR_893*^	3556606.0	False	ICR_893*^	3556606.0	False
Control	exit	98	chr15	26252100	low	LOC101059997	0.0	True	chr15:20807477-20953603	0.0	True	BP3	0.0	True			False	not_available	SNRPN	3691744.0	False	ICR_893*^	3558606.0	False	ICR_893*^	3558606.0	False
Control	entry	99	chr15	27074700	low	ENTREP2	0.0	True	chr1:167374451-167379183	62587.0	False	BP3	442193.0	False			False	not_available	SNRPN	4514344.0	False	ICR_893*^	4381206.0	False	ICR_893*^	4381206.0	False
Control	exit	99	chr15	27077600	low	ENTREP2	0.0	True	chr1:167374451-167379183	65487.0	False	BP3	445093.0	False			False	not_available	SNRPN	4517244.0	False	ICR_893*^	4384106.0	False	ICR_893*^	4384106.0	False
Control	entry	100	chr15	27104200	low	ENTREP2	0.0	True	chr8:33896723-33898150	47358.0	False	BP3	471693.0	False			False	not_available	SNRPN	4543844.0	False	ICR_893*^	4410706.0	False	ICR_893*^	4410706.0	False
Control	exit	100	chr15	27107600	low	ENTREP2	0.0	True	chr8:33896723-33898150	43958.0	False	BP3	475093.0	False			False	not_available	SNRPN	4547244.0	False	ICR_893*^	4414106.0	False	ICR_893*^	4414106.0	False
Control	entry	101	chr15	27326100	low	ENTREP2	0.0	True	chr15:27167851-27171957	150426.0	False	BP3	693593.0	False			False	not_available	SNRPN	4765744.0	False	ICR_893*^	4632606.0	False	ICR_893*^	4632606.0	False
Control	exit	101	chr15	27336500	low	ENTREP2	0.0	True	chr15:27167851-27171957	160826.0	False	BP3	703993.0	False			False	not_available	SNRPN	4776144.0	False	ICR_893*^	4643006.0	False	ICR_893*^	4643006.0	False
Control	entry	102	chr15	27365900	low	ENTREP2	0.0	True	chr17:43609858-43611444	155173.0	False	BP3	733393.0	False			False	not_available	SNRPN	4805544.0	False	ICR_893*^	4672406.0	False	ICR_893*^	4672406.0	False
Control	exit	102	chr15	27375200	low	ENTREP2	0.0	True	chr17:43609858-43611444	145873.0	False	BP3	742693.0	False			False	not_available	SNRPN	4814844.0	False	ICR_893*^	4681706.0	False	ICR_893*^	4681706.0	False
Control	entry	103	chr15	27503200	low	TJP1	0.0	True	chr17:43609858-43611444	17873.0	False	BP3	870693.0	False			False	not_available	SNRPN	4942844.0	False	ICR_893*^	4809706.0	False	ICR_893*^	4809706.0	False
Control	exit	103	chr15	27505100	low	TJP1	0.0	True	chr17:43609858-43611444	15973.0	False	BP3	872593.0	False			False	not_available	SNRPN	4944744.0	False	ICR_893*^	4811606.0	False	ICR_893*^	4811606.0	False
Control	entry	104	chr15	27739500	low	TJP1	0.0	True	chr15:80256086-80260684	129007.0	False	BP3	1106993.0	False			False	not_available	SNRPN	5179144.0	False	ICR_893*^	5046006.0	False	ICR_893*^	5046006.0	False
Control	exit	104	chr15	27744200	low	TJP1	0.0	True	chr15:80256086-80260684	124307.0	False	BP3	1111693.0	False			False	not_available	SNRPN	5183844.0	False	ICR_893*^	5050706.0	False	ICR_893*^	5050706.0	False
Control	entry	105	chr15	27763100	low	TJP1	2425.0	False	chr15:80256086-80260684	105407.0	False	BP3	1130593.0	False			False	not_available	SNRPN	5202744.0	False	ICR_893*^	5069606.0	False	ICR_893*^	5069606.0	False
Control	exit	105	chr15	27765400	low	TJP1	4725.0	False	chr15:80256086-80260684	103107.0	False	BP3	1132893.0	False			False	not_available	SNRPN	5205044.0	False	ICR_893*^	5071906.0	False	ICR_893*^	5071906.0	False
Control	entry	106	chr15	27886500	low	GOLGA8J	0.0	True	chr15:30384886-30403982	0.0	True	BP3	1253993.0	False			False	not_available	SNRPN	5326144.0	False	ICR_893*^	5193006.0	False	ICR_893*^	5193006.0	False
Control	exit	106	chr15	27929100	low	GOLGA8T	0.0	True	chr15:28340200-28411283	0.0	True	BP3	1296593.0	False			False	not_available	SNRPN	5368744.0	False	ICR_893*^	5235606.0	False	ICR_893*^	5235606.0	False
Control	entry	107	chr15	28205600	low	GOLGA8R	0.0	True	chr15:27869616-27911207	0.0	True	BP3	1573093.0	False			False	not_available	SNRPN	5645244.0	False	ICR_893*^	5512106.0	False	ICR_893*^	5512106.0	False
Control	exit	107	chr15	28220000	low	LOC124907528	0.0	True	chr15:28323072-28381664	0.0	True	BP3	1587493.0	False			False	not_available	SNRPN	5659644.0	False	ICR_893*^	5526506.0	False	ICR_893*^	5526506.0	False
Control	entry	108	chr15	28570700	low	LOC100288637	3707.0	False	chr15:29411482-29521613	0.0	True	BP3	1938193.0	False			False	not_available	SNRPN	6010344.0	False	ICR_893*^	5877206.0	False	ICR_893*^	5877206.0	False
Control	exit	108	chr15	28572600	low	LOC100288637	5607.0	False	chr15:29411482-29521613	0.0	True	BP3	1940093.0	False			False	not_available	SNRPN	6012244.0	False	ICR_893*^	5879106.0	False	ICR_893*^	5879106.0	False
Control	entry	109	chr15	28611800	low	HERC2P10	217.0	False	chr15:20254946-20290940	0.0	True	BP3	1979293.0	False			False	not_available	SNRPN	6051444.0	False	ICR_893*^	5918306.0	False	ICR_893*^	5918306.0	False
Control	exit	109	chr15	28614500	low	HERC2P10	0.0	True	chr15:25877201-25919110	0.0	True	BP3	1981993.0	False			False	not_available	SNRPN	6054144.0	False	ICR_893*^	5921006.0	False	ICR_893*^	5921006.0	False
Control	entry	110	chr15	28690250	low	FAN1	7584.0	False	chr16:59207682-59214802	0.0	True	BP3	2057743.0	False			False	not_available	SNRPN	6129894.0	False	ICR_893*^	5996756.0	False	ICR_893*^	5996756.0	False
Control	exit	110	chr15	28692250	low	FAN1	5584.0	False	chr16:59207682-59214802	0.0	True	BP3	2059743.0	False			False	not_available	SNRPN	6131894.0	False	ICR_893*^	5998756.0	False	ICR_893*^	5998756.0	False
Control	entry	111	chr15	28692400	low	FAN1	5434.0	False	chr16:59207682-59214802	0.0	True	BP3	2059893.0	False			False	not_available	SNRPN	6132044.0	False	ICR_893*^	5998906.0	False	ICR_893*^	5998906.0	False
Control	exit	111	chr15	28695100	low	FAN1	2734.0	False	chr15:28301583-28302842	422.0	False	BP3	2062593.0	False			False	not_available	SNRPN	6134744.0	False	ICR_893*^	6001606.0	False	ICR_893*^	6001606.0	False
AS_DEL	entry	1	chr15	22691000	nan	SNHG14	0.0	True	chr1:184583623-184584692	44464.0	False	BP2	1507345.0	False			False	not_available	SNRPN	130644.0	False	ICR_893*^	258.0	False	ICR_893*^	258.0	False
AS_DEL	exit	1	chr15	22694800	nan	SNHG14	0.0	True	chr1:184583623-184584692	48264.0	False	BP2	1511145.0	False			False	not_available	SNRPN	134444.0	False	ICR_893*^	1306.0	False	ICR_893*^	1306.0	False
AS_DEL	entry	2	chr15	22692200	nan	SNHG14	0.0	True	chr1:184583623-184584692	45664.0	False	BP2	1508545.0	False			False	not_available	SNRPN	131844.0	False	ICR_893*^	0.0	True	ICR_893*^	0.0	True
AS_DEL	exit	2	chr15	22694800	nan	SNHG14	0.0	True	chr1:184583623-184584692	48264.0	False	BP2	1511145.0	False			False	not_available	SNRPN	134444.0	False	ICR_893*^	1306.0	False	ICR_893*^	1306.0	False
Control	entry	1	chr15	22013800	nan	LOC105370733	0.0	True	chr15:22138979-22198664	0.0	True	BP2	830145.0	False			False	not_available	SNRPN	546130.0	False	ICR_888#	592738.0	False	ICR_888#	592738.0	False
Control	exit	1	chr15	22026300	nan	LOC105370733	0.0	True	chr15:22138979-22198664	0.0	True	BP2	842645.0	False			False	not_available	SNRPN	533630.0	False	ICR_888#	605238.0	False	ICR_888#	605238.0	False
Control	entry	2	chr15	22063900	nan	LOC105370733	0.0	True	chr15:22193666-22292850	0.0	True	BP2	880245.0	False			False	not_available	SNRPN	496030.0	False	ICR_893*^	627358.0	False	ICR_893*^	627358.0	False
Control	exit	2	chr15	22068800	nan	LOC105370733	0.0	True	chr15:22193666-22292850	0.0	True	BP2	885145.0	False			False	not_available	SNRPN	491130.0	False	ICR_893*^	622458.0	False	ICR_893*^	622458.0	False
Control	entry	3	chr15	22108600	nan	LOC105370733	0.0	True	chr15:21965937-21981659	0.0	True	BP2	924945.0	False			False	not_available	SNRPN	451330.0	False	ICR_893*^	582658.0	False	ICR_893*^	582658.0	False
Control	exit	3	chr15	22128700	nan	LOC105370733	0.0	True	chr15:22279264-22312995	0.0	True	BP2	945045.0	False			False	not_available	SNRPN	431230.0	False	ICR_893*^	562558.0	False	ICR_893*^	562558.0	False
Control	entry	4	chr15	22113800	nan	LOC105370733	0.0	True	chr15:21965937-21981659	0.0	True	BP2	930145.0	False			False	not_available	SNRPN	446130.0	False	ICR_893*^	577458.0	False	ICR_893*^	577458.0	False
Control	exit	4	chr15	22128700	nan	LOC105370733	0.0	True	chr15:22279264-22312995	0.0	True	BP2	945045.0	False			False	not_available	SNRPN	431230.0	False	ICR_893*^	562558.0	False	ICR_893*^	562558.0	False
Control	entry	5	chr15	22161100	nan	LOC105370733	0.0	True	chr15:22078211-22107690	0.0	True	BP2	977445.0	False			False	not_available	SNRPN	398830.0	False	ICR_893*^	530158.0	False	ICR_893*^	530158.0	False
Control	exit	5	chr15	22163700	nan	LOC105370733	0.0	True	chr15:22078211-22107690	0.0	True	BP2	980045.0	False			False	not_available	SNRPN	396230.0	False	ICR_893*^	527558.0	False	ICR_893*^	527558.0	False
Control	entry	6	chr15	22186200	nan	LOC105370733	0.0	True	chr15:21981580-22029348	0.0	True	BP2	1002545.0	False			False	not_available	SNRPN	373730.0	False	ICR_893*^	505058.0	False	ICR_893*^	505058.0	False
Control	exit	6	chr15	22194600	nan	LOC105370733	0.0	True	chr15:21981580-22029348	0.0	True	BP2	1010945.0	False			False	not_available	SNRPN	365330.0	False	ICR_893*^	496658.0	False	ICR_893*^	496658.0	False
Control	entry	7	chr15	22271300	nan	LOC105370733	0.0	True	chr15:21982698-22078206	0.0	True	BP2	1087645.0	False			False	not_available	SNRPN	288630.0	False	ICR_893*^	419958.0	False	ICR_893*^	419958.0	False
Control	exit	7	chr15	22279100	nan	LOC105370733	2555.0	False	chr15:21982698-22078206	0.0	True	BP2	1095445.0	False			False	not_available	SNRPN	280830.0	False	ICR_893*^	412158.0	False	ICR_893*^	412158.0	False
Control	entry	8	chr15	22281100	nan	LOC105370733	4555.0	False	chr15:21982698-22078206	0.0	True	BP2	1097445.0	False			False	not_available	SNRPN	278830.0	False	ICR_893*^	410158.0	False	ICR_893*^	410158.0	False
Control	exit	8	chr15	22320600	nan	PWRN1	0.0	True	chr15:22107668-22140924	7605.0	False	BP2	1136945.0	False			False	not_available	SNRPN	239330.0	False	ICR_893*^	370658.0	False	ICR_893*^	370658.0	False
Control	entry	9	chr15	22305000	nan	PWRN1	0.0	True	chr15:22107668-22140924	0.0	True	BP2	1121345.0	False			False	not_available	SNRPN	254930.0	False	ICR_893*^	386258.0	False	ICR_893*^	386258.0	False
Control	exit	9	chr15	22320600	nan	PWRN1	0.0	True	chr15:22107668-22140924	7605.0	False	BP2	1136945.0	False			False	not_available	SNRPN	239330.0	False	ICR_893*^	370658.0	False	ICR_893*^	370658.0	False
Control	entry	10	chr15	22334300	nan	PWRN1	12402.0	False	chr15:22107668-22140924	21305.0	False	BP2	1150645.0	False			False	not_available	SNRPN	225630.0	False	ICR_893*^	356958.0	False	ICR_893*^	356958.0	False
Control	exit	10	chr15	22344400	nan	PWRN1	22502.0	False	chr15:22107668-22140924	31405.0	False	BP2	1160745.0	False			False	not_available	SNRPN	215530.0	False	ICR_893*^	346858.0	False	ICR_893*^	346858.0	False
Control	entry	11	chr15	22338000	nan	PWRN1	16102.0	False	chr15:22107668-22140924	25005.0	False	BP2	1154345.0	False			False	not_available	SNRPN	221930.0	False	ICR_893*^	353258.0	False	ICR_893*^	353258.0	False
Control	exit	11	chr15	22344400	nan	PWRN1	22502.0	False	chr15:22107668-22140924	31405.0	False	BP2	1160745.0	False			False	not_available	SNRPN	215530.0	False	ICR_893*^	346858.0	False	ICR_893*^	346858.0	False
Control	entry	12	chr15	22344100	nan	PWRN1	22202.0	False	chr15:22107668-22140924	31105.0	False	BP2	1160445.0	False			False	not_available	SNRPN	215830.0	False	ICR_893*^	347158.0	False	ICR_893*^	347158.0	False
Control	exit	12	chr15	22354600	nan	PWRN1	32702.0	False	chr15:22107668-22140924	41605.0	False	BP2	1170945.0	False			False	not_available	SNRPN	205330.0	False	ICR_893*^	336658.0	False	ICR_893*^	336658.0	False
Control	entry	13	chr15	22352200	nan	PWRN1	30302.0	False	chr15:22107668-22140924	39205.0	False	BP2	1168545.0	False			False	not_available	SNRPN	207730.0	False	ICR_893*^	339058.0	False	ICR_893*^	339058.0	False
Control	exit	13	chr15	22354600	nan	PWRN1	32702.0	False	chr15:22107668-22140924	41605.0	False	BP2	1170945.0	False			False	not_available	SNRPN	205330.0	False	ICR_893*^	336658.0	False	ICR_893*^	336658.0	False
Control	entry	14	chr15	22359800	nan	PWRN1	37902.0	False	chr15:22107668-22140924	46805.0	False	BP2	1176145.0	False			False	not_available	SNRPN	200130.0	False	ICR_893*^	331458.0	False	ICR_893*^	331458.0	False
Control	exit	14	chr15	22368400	nan	NPAP1	43041.0	False	chr15:22107668-22140924	55405.0	False	BP2	1184745.0	False			False	not_available	SNRPN	191530.0	False	ICR_893*^	322858.0	False	ICR_893*^	322858.0	False
Control	entry	15	chr15	22397700	nan	NPAP1	13741.0	False	chr15:22107668-22140924	84705.0	False	BP2	1214045.0	False			False	not_available	SNRPN	162230.0	False	ICR_893*^	293558.0	False	ICR_893*^	293558.0	False
Control	exit	15	chr15	22410500	nan	NPAP1	941.0	False	chr15:22107668-22140924	97505.0	False	BP2	1226845.0	False			False	not_available	SNRPN	149430.0	False	ICR_893*^	280758.0	False	ICR_893*^	280758.0	False
Control	entry	16	chr15	22404700	nan	NPAP1	6741.0	False	chr15:22107668-22140924	91705.0	False	BP2	1221045.0	False			False	not_available	SNRPN	155230.0	False	ICR_893*^	286558.0	False	ICR_893*^	286558.0	False
Control	exit	16	chr15	22410500	nan	NPAP1	941.0	False	chr15:22107668-22140924	97505.0	False	BP2	1226845.0	False			False	not_available	SNRPN	149430.0	False	ICR_893*^	280758.0	False	ICR_893*^	280758.0	False
Control	entry	17	chr15	22447200	nan	NPAP1	28145.0	False	chr15:22107668-22140924	134205.0	False	BP2	1263545.0	False			False	not_available	SNRPN	112730.0	False	ICR_893*^	244058.0	False	ICR_893*^	244058.0	False
Control	exit	17	chr15	22469500	nan	NPAP1	50445.0	False	chr15:22107668-22140924	156505.0	False	BP2	1285845.0	False			False	not_available	SNRPN	90430.0	False	ICR_893*^	221758.0	False	ICR_893*^	221758.0	False
Control	entry	18	chr15	22500700	nan	SNHG14	59560.0	False	chr6:128551420-128552415	144757.0	False	BP2	1317045.0	False			False	not_available	SNRPN	59230.0	False	ICR_893*^	190558.0	False	ICR_893*^	190558.0	False
Control	exit	18	chr15	22508200	nan	SNHG14	52060.0	False	chr6:128551420-128552415	137257.0	False	BP2	1324545.0	False			False	not_available	SNRPN	51730.0	False	ICR_893*^	183058.0	False	ICR_893*^	183058.0	False
Control	entry	19	chr15	22508500	nan	SNHG14	51760.0	False	chr6:128551420-128552415	136957.0	False	BP2	1324845.0	False			False	not_available	SNRPN	51430.0	False	ICR_893*^	182758.0	False	ICR_893*^	182758.0	False
Control	exit	19	chr15	22517700	nan	SNHG14	42560.0	False	chr6:128551420-128552415	127757.0	False	BP2	1334045.0	False			False	not_available	SNRPN	42230.0	False	ICR_893*^	173558.0	False	ICR_893*^	173558.0	False
Control	entry	20	chr15	22514200	nan	SNHG14	46060.0	False	chr6:128551420-128552415	131257.0	False	BP2	1330545.0	False			False	not_available	SNRPN	45730.0	False	ICR_893*^	177058.0	False	ICR_893*^	177058.0	False
Control	exit	20	chr15	22517700	nan	SNHG14	42560.0	False	chr6:128551420-128552415	127757.0	False	BP2	1334045.0	False			False	not_available	SNRPN	42230.0	False	ICR_893*^	173558.0	False	ICR_893*^	173558.0	False
Control	entry	21	chr15	22559300	nan	SNHG14	960.0	False	chr6:128551420-128552415	86157.0	False	BP2	1375645.0	False			False	not_available	SNRPN	630.0	False	ICR_893*^	131958.0	False	ICR_893*^	131958.0	False
Control	exit	21	chr15	22564300	nan	SNHG14	0.0	True	chr6:128551420-128552415	81157.0	False	BP2	1380645.0	False			False	not_available	SNRPN	3944.0	False	ICR_893*^	126958.0	False	ICR_893*^	126958.0	False
Control	entry	22	chr15	22583400	nan	SNHG14	0.0	True	chr6:128551420-128552415	62057.0	False	BP2	1399745.0	False			False	not_available	SNRPN	23044.0	False	ICR_893*^	107858.0	False	ICR_893*^	107858.0	False
Control	exit	22	chr15	22586300	nan	SNHG14	0.0	True	chr6:128551420-128552415	59157.0	False	BP2	1402645.0	False			False	not_available	SNRPN	25944.0	False	ICR_893*^	104958.0	False	ICR_893*^	104958.0	False
Control	entry	23	chr15	22592400	nan	SNHG14	0.0	True	chr6:128551420-128552415	53057.0	False	BP2	1408745.0	False			False	not_available	SNRPN	32044.0	False	ICR_893*^	98858.0	False	ICR_893*^	98858.0	False
Control	exit	23	chr15	22601500	nan	SNHG14	0.0	True	chr6:128551420-128552415	43957.0	False	BP2	1417845.0	False			False	not_available	SNRPN	41144.0	False	ICR_893*^	89758.0	False	ICR_893*^	89758.0	False
Control	entry	24	chr15	22614200	nan	SNHG14	0.0	True	chr6:128551420-128552415	31257.0	False	BP2	1430545.0	False			False	not_available	SNRPN	53844.0	False	ICR_893*^	77058.0	False	ICR_893*^	77058.0	False
Control	exit	24	chr15	22616400	nan	SNHG14	0.0	True	chr6:128551420-128552415	29057.0	False	BP2	1432745.0	False			False	not_available	SNRPN	56044.0	False	ICR_893*^	74858.0	False	ICR_893*^	74858.0	False
Control	entry	25	chr15	22636400	nan	SNHG14	0.0	True	chr6:128551420-128552415	9057.0	False	BP2	1452745.0	False			False	not_available	SNRPN	76044.0	False	ICR_893*^	54858.0	False	ICR_893*^	54858.0	False
Control	exit	25	chr15	22639500	nan	SNHG14	0.0	True	chr6:128551420-128552415	5957.0	False	BP2	1455845.0	False			False	not_available	SNRPN	79144.0	False	ICR_893*^	51758.0	False	ICR_893*^	51758.0	False
Control	entry	26	chr15	22690600	nan	SNHG14	0.0	True	chr1:184583623-184584692	44064.0	False	BP2	1506945.0	False			False	not_available	SNRPN	130244.0	False	ICR_893*^	658.0	False	ICR_893*^	658.0	False
Control	exit	26	chr15	22696600	nan	SNHG14	0.0	True	chr1:184583623-184584692	50064.0	False	BP2	1512945.0	False			False	not_available	SNRPN	136244.0	False	ICR_893*^	3106.0	False	ICR_893*^	3106.0	False
Control	entry	27	chr15	22728200	nan	SNHG14	0.0	True	chr1:184583623-184584692	81664.0	False	BP2	1544545.0	False			False	not_available	SNRPN	167844.0	False	ICR_893*^	34706.0	False	ICR_893*^	34706.0	False
Control	exit	27	chr15	22738100	nan	SNHG14	0.0	True	chr1:184583623-184584692	91564.0	False	BP2	1554445.0	False			False	not_available	SNRPN	177744.0	False	ICR_893*^	44606.0	False	ICR_893*^	44606.0	False
Control	entry	28	chr15	22738800	nan	SNHG14	0.0	True	chr1:184583623-184584692	92264.0	False	BP2	1555145.0	False			False	not_available	SNRPN	178444.0	False	ICR_893*^	45306.0	False	ICR_893*^	45306.0	False
Control	exit	28	chr15	22746800	nan	SNHG14	0.0	True	chr1:184583623-184584692	100264.0	False	BP2	1563145.0	False			False	not_available	SNRPN	186444.0	False	ICR_893*^	53306.0	False	ICR_893*^	53306.0	False
Control	entry	29	chr15	22873500	nan	SNHG14	0.0	True	chr9:7799149-7802393	30452.0	False	BP2	1689845.0	False			False	not_available	SNRPN	313144.0	False	ICR_893*^	180006.0	False	ICR_893*^	180006.0	False
Control	exit	29	chr15	22884800	nan	SNHG14	0.0	True	chr9:7799149-7802393	19152.0	False	BP2	1701145.0	False			False	not_available	SNRPN	324444.0	False	ICR_893*^	191306.0	False	ICR_893*^	191306.0	False
Control	entry	30	chr15	22878100	nan	SNHG14	0.0	True	chr9:7799149-7802393	25852.0	False	BP2	1694445.0	False			False	not_available	SNRPN	317744.0	False	ICR_893*^	184606.0	False	ICR_893*^	184606.0	False
Control	exit	30	chr15	22884800	nan	SNHG14	0.0	True	chr9:7799149-7802393	19152.0	False	BP2	1701145.0	False			False	not_available	SNRPN	324444.0	False	ICR_893*^	191306.0	False	ICR_893*^	191306.0	False
Control	entry	31	chr15	22888900	nan	SNHG14	0.0	True	chr9:7799149-7802393	15052.0	False	BP2	1705245.0	False			False	not_available	SNRPN	328544.0	False	ICR_893*^	195406.0	False	ICR_893*^	195406.0	False
Control	exit	31	chr15	22910200	nan	SNHG14	0.0	True	chr9:7799149-7802393	3836.0	False	BP2	1726545.0	False			False	not_available	SNRPN	349844.0	False	ICR_893*^	216706.0	False	ICR_893*^	216706.0	False
Control	entry	32	chr15	23026100	nan	SNHG14	0.0	True	chr9:7799149-7802393	119736.0	False	BP2	1842445.0	False			False	not_available	SNRPN	465744.0	False	ICR_893*^	332606.0	False	ICR_893*^	332606.0	False
Control	exit	32	chr15	23041800	nan	SNHG14	0.0	True	chr9:7799149-7802393	135436.0	False	BP2	1858145.0	False			False	not_available	SNRPN	481444.0	False	ICR_893*^	348306.0	False	ICR_893*^	348306.0	False
Control	entry	33	chr15	23031000	nan	SNHG14	0.0	True	chr9:7799149-7802393	124636.0	False	BP2	1847345.0	False			False	not_available	SNRPN	470644.0	False	ICR_893*^	337506.0	False	ICR_893*^	337506.0	False
Control	exit	33	chr15	23041800	nan	SNHG14	0.0	True	chr9:7799149-7802393	135436.0	False	BP2	1858145.0	False			False	not_available	SNRPN	481444.0	False	ICR_893*^	348306.0	False	ICR_893*^	348306.0	False
Control	entry	34	chr15	23108500	nan	SNHG14	0.0	True	chr9:7799149-7802393	202136.0	False	BP2	1924845.0	False			False	not_available	SNRPN	548144.0	False	ICR_893*^	415006.0	False	ICR_893*^	415006.0	False
Control	exit	34	chr15	23110500	nan	SNHG14	0.0	True	chr9:7799149-7802393	204136.0	False	BP2	1926845.0	False			False	not_available	SNRPN	550144.0	False	ICR_893*^	417006.0	False	ICR_893*^	417006.0	False
Control	entry	35	chr15	23315300	nan	LINC02250	0.0	True	chr15:26499881-26505646	372253.0	False	BP2	2131645.0	False			False	not_available	SNRPN	754944.0	False	ICR_893*^	621806.0	False	ICR_893*^	621806.0	False
Control	exit	35	chr15	23319100	nan	LINC02250	2556.0	False	chr15:26499881-26505646	368453.0	False	BP2	2135445.0	False			False	not_available	SNRPN	758744.0	False	ICR_893*^	625606.0	False	ICR_893*^	625606.0	False
Control	entry	36	chr15	23913200	nan	LOC105370739	29781.0	False	chr15:26499881-26505646	221418.0	False	BP3	1962712.0	False			False	not_available	SNRPN	1352844.0	False	ICR_893*^	1219706.0	False	ICR_893*^	1219706.0	False
Control	exit	36	chr15	23915100	nan	LOC105370739	31681.0	False	chr15:26499881-26505646	223318.0	False	BP3	1960812.0	False			False	not_available	SNRPN	1354744.0	False	ICR_893*^	1221606.0	False	ICR_893*^	1221606.0	False
Control	entry	37	chr15	24644200	nan	GABRA5	0.0	True	chr15:26499881-26505646	952418.0	False	BP3	1231712.0	False			False	not_available	SNRPN	2083844.0	False	ICR_893*^	1950706.0	False	ICR_893*^	1950706.0	False
Control	exit	37	chr15	24652100	nan	GABRA5	0.0	True	chr15:26499881-26505646	960318.0	False	BP3	1223812.0	False			False	not_available	SNRPN	2091744.0	False	ICR_893*^	1958606.0	False	ICR_893*^	1958606.0	False
Control	entry	38	chr15	24663200	nan	GABRA5	0.0	True	chr15:55583987-55585095	967991.0	False	BP3	1212712.0	False			False	not_available	SNRPN	2102844.0	False	ICR_893*^	1969706.0	False	ICR_893*^	1969706.0	False
Control	exit	38	chr15	24666900	nan	GABRA5	0.0	True	chr15:55583987-55585095	964291.0	False	BP3	1209012.0	False			False	not_available	SNRPN	2106544.0	False	ICR_893*^	1973406.0	False	ICR_893*^	1973406.0	False
Control	entry	39	chr15	24696400	nan	GABRA5	5608.0	False	chr15:55583987-55585095	934791.0	False	BP3	1179512.0	False			False	not_available	SNRPN	2136044.0	False	ICR_893*^	2002906.0	False	ICR_893*^	2002906.0	False
Control	exit	39	chr15	24700200	nan	TVP23BP1	6272.0	False	chr15:55583987-55585095	930991.0	False	BP3	1175712.0	False			False	not_available	SNRPN	2139844.0	False	ICR_893*^	2006706.0	False	ICR_893*^	2006706.0	False
Control	entry	40	chr15	24719500	nan	GABRG3	0.0	True	chr15:55583987-55585095	911691.0	False	BP3	1156412.0	False			False	not_available	SNRPN	2159144.0	False	ICR_893*^	2026006.0	False	ICR_893*^	2026006.0	False
Control	exit	40	chr15	24723100	nan	GABRG3	0.0	True	chr15:55583987-55585095	908091.0	False	BP3	1152812.0	False			False	not_available	SNRPN	2162744.0	False	ICR_893*^	2029606.0	False	ICR_893*^	2029606.0	False
Control	entry	41	chr15	24720700	nan	GABRG3	0.0	True	chr15:55583987-55585095	910491.0	False	BP3	1155212.0	False			False	not_available	SNRPN	2160344.0	False	ICR_893*^	2027206.0	False	ICR_893*^	2027206.0	False
Control	exit	41	chr15	24723100	nan	GABRG3	0.0	True	chr15:55583987-55585095	908091.0	False	BP3	1152812.0	False			False	not_available	SNRPN	2162744.0	False	ICR_893*^	2029606.0	False	ICR_893*^	2029606.0	False
Control	entry	42	chr15	24814300	nan	GABRG3	0.0	True	chr15:55583987-55585095	816891.0	False	BP3	1061612.0	False			False	not_available	SNRPN	2253944.0	False	ICR_893*^	2120806.0	False	ICR_893*^	2120806.0	False
Control	exit	42	chr15	24827300	nan	GABRG3	0.0	True	chr15:55583987-55585095	803891.0	False	BP3	1048612.0	False			False	not_available	SNRPN	2266944.0	False	ICR_893*^	2133806.0	False	ICR_893*^	2133806.0	False
Control	entry	43	chr15	24939000	nan	GABRG3	0.0	True	chr15:55583987-55585095	692191.0	False	BP3	936912.0	False			False	not_available	SNRPN	2378644.0	False	ICR_893*^	2245506.0	False	ICR_893*^	2245506.0	False
Control	exit	43	chr15	24942200	nan	GABRG3	0.0	True	chr15:55583987-55585095	688991.0	False	BP3	933712.0	False			False	not_available	SNRPN	2381844.0	False	ICR_893*^	2248706.0	False	ICR_893*^	2248706.0	False
Control	entry	44	chr15	25007800	nan	GABRG3	0.0	True	chr15:55583987-55585095	623391.0	False	BP3	868112.0	False			False	not_available	SNRPN	2447444.0	False	ICR_893*^	2314306.0	False	ICR_893*^	2314306.0	False
Control	exit	44	chr15	25011600	nan	GABRG3	0.0	True	chr15:55583987-55585095	619591.0	False	BP3	864312.0	False			False	not_available	SNRPN	2451244.0	False	ICR_893*^	2318106.0	False	ICR_893*^	2318106.0	False
Control	entry	45	chr15	25207600	nan	GABRG3	0.0	True	chr15:55583987-55585095	423591.0	False	BP3	668312.0	False			False	not_available	SNRPN	2647244.0	False	ICR_893*^	2514106.0	False	ICR_893*^	2514106.0	False
Control	exit	45	chr15	25212800	nan	GABRG3	0.0	True	chr15:55583987-55585095	418391.0	False	BP3	663112.0	False			False	not_available	SNRPN	2652444.0	False	ICR_893*^	2519306.0	False	ICR_893*^	2519306.0	False
Control	entry	46	chr15	26250100	nan	LOC101059997	0.0	True	chr15:20807477-20953603	0.0	True	BP3	0.0	True			False	not_available	SNRPN	3689744.0	False	ICR_893*^	3556606.0	False	ICR_893*^	3556606.0	False
Control	exit	46	chr15	26252100	nan	LOC101059997	0.0	True	chr15:20807477-20953603	0.0	True	BP3	0.0	True			False	not_available	SNRPN	3691744.0	False	ICR_893*^	3558606.0	False	ICR_893*^	3558606.0	False
Control	entry	47	chr15	27326100	nan	ENTREP2	0.0	True	chr15:27167851-27171957	150426.0	False	BP3	693593.0	False			False	not_available	SNRPN	4765744.0	False	ICR_893*^	4632606.0	False	ICR_893*^	4632606.0	False
Control	exit	47	chr15	27337900	nan	ENTREP2	0.0	True	chr15:27167851-27171957	162226.0	False	BP3	705393.0	False			False	not_available	SNRPN	4777544.0	False	ICR_893*^	4644406.0	False	ICR_893*^	4644406.0	False
Control	entry	48	chr15	27739900	nan	TJP1	0.0	True	chr15:80256086-80260684	128607.0	False	BP3	1107393.0	False			False	not_available	SNRPN	5179544.0	False	ICR_893*^	5046406.0	False	ICR_893*^	5046406.0	False
Control	exit	48	chr15	27743200	nan	TJP1	0.0	True	chr15:80256086-80260684	125307.0	False	BP3	1110693.0	False			False	not_available	SNRPN	5182844.0	False	ICR_893*^	5049706.0	False	ICR_893*^	5049706.0	False
Control	entry	49	chr15	27885500	nan	GOLGA8J	0.0	True	chr15:30384886-30403982	0.0	True	BP3	1252993.0	False			False	not_available	SNRPN	5325144.0	False	ICR_893*^	5192006.0	False	ICR_893*^	5192006.0	False
Control	exit	49	chr15	27925600	nan	GOLGA8T	0.0	True	chr15:28340200-28411283	0.0	True	BP3	1293093.0	False			False	not_available	SNRPN	5365244.0	False	ICR_893*^	5232106.0	False	ICR_893*^	5232106.0	False
Control	entry	50	chr15	27887800	nan	GOLGA8J	0.0	True	chr15:30384886-30403982	0.0	True	BP3	1255293.0	False			False	not_available	SNRPN	5327444.0	False	ICR_893*^	5194306.0	False	ICR_893*^	5194306.0	False
Control	exit	50	chr15	27925600	nan	GOLGA8T	0.0	True	chr15:28340200-28411283	0.0	True	BP3	1293093.0	False			False	not_available	SNRPN	5365244.0	False	ICR_893*^	5232106.0	False	ICR_893*^	5232106.0	False
Control	entry	51	chr15	28692500	nan	FAN1	5334.0	False	chr16:59207682-59214802	0.0	True	BP3	2059993.0	False			False	not_available	SNRPN	6132144.0	False	ICR_893*^	5999006.0	False	ICR_893*^	5999006.0	False
Control	exit	51	chr15	28694800	nan	FAN1	3034.0	False	chr15:28301583-28302842	122.0	False	BP3	2062293.0	False			False	not_available	SNRPN	6134444.0	False	ICR_893*^	6001306.0	False	ICR_893*^	6001306.0	False
PWS_DEL	entry	1	chr15	22509000	nan	SNHG14	51260.0	False	chr6:128551420-128552415	136457.0	False	BP2	1325345.0	False			False	not_available	SNRPN	50930.0	False	ICR_893*^	182258.0	False	ICR_893*^	182258.0	False
PWS_DEL	exit	1	chr15	22511300	nan	SNHG14	48960.0	False	chr6:128551420-128552415	134157.0	False	BP2	1327645.0	False			False	not_available	SNRPN	48630.0	False	ICR_893*^	179958.0	False	ICR_893*^	179958.0	False
PWS_DEL	entry	2	chr15	22690900	nan	SNHG14	0.0	True	chr1:184583623-184584692	44364.0	False	BP2	1507245.0	False			False	not_available	SNRPN	130544.0	False	ICR_893*^	358.0	False	ICR_893*^	358.0	False
PWS_DEL	exit	2	chr15	22694700	nan	SNHG14	0.0	True	chr1:184583623-184584692	48164.0	False	BP2	1511045.0	False			False	not_available	SNRPN	134344.0	False	ICR_893*^	1206.0	False	ICR_893*^	1206.0	False
PWS_DEL	entry	3	chr15	24696400	nan	GABRA5	5608.0	False	chr15:55583987-55585095	934791.0	False	BP3	1179512.0	False			False	not_available	SNRPN	2136044.0	False	ICR_893*^	2002906.0	False	ICR_893*^	2002906.0	False
PWS_DEL	exit	3	chr15	24697900	nan	GABRA5	7108.0	False	chr15:55583987-55585095	933291.0	False	BP3	1178012.0	False			False	not_available	SNRPN	2137544.0	False	ICR_893*^	2004406.0	False	ICR_893*^	2004406.0	False
