pos	score	score_type	sample_id	molecular_mechanism
22691291	0.961	retained_maternal_haplotype	001P	PWS-DEL
22691522	0.948	retained_maternal_haplotype	001P	PWS-DEL
22691554	0.933	retained_maternal_haplotype	001P	PWS-DEL
22691567	0.963	retained_maternal_haplotype	001P	PWS-DEL
22691573	0.969	retained_maternal_haplotype	001P	PWS-DEL
22691575	0.965	retained_maternal_haplotype	001P	PWS-DEL
22691579	0.958	retained_maternal_haplotype	001P	PWS-DEL
22691595	0.968	retained_maternal_haplotype	001P	PWS-DEL
22691597	0.959	retained_maternal_haplotype	001P	PWS-DEL
22691609	0.949	retained_maternal_haplotype	001P	PWS-DEL
22691621	0.952	retained_maternal_haplotype	001P	PWS-DEL
22691631	0.932	retained_maternal_haplotype	001P	PWS-DEL
22691642	0.946	retained_maternal_haplotype	001P	PWS-DEL
22691651	0.938	retained_maternal_haplotype	001P	PWS-DEL
22691663	0.953	retained_maternal_haplotype	001P	PWS-DEL
22691667	0.962	retained_maternal_haplotype	001P	PWS-DEL
22691670	0.957	retained_maternal_haplotype	001P	PWS-DEL
22691683	0.926	retained_maternal_haplotype	001P	PWS-DEL
22691700	0.959	retained_maternal_haplotype	001P	PWS-DEL
22691710	0.959	retained_maternal_haplotype	001P	PWS-DEL
22691712	0.804	retained_maternal_haplotype	001P	PWS-DEL
22691720	0.937	retained_maternal_haplotype	001P	PWS-DEL
22691739	0.958	retained_maternal_haplotype	001P	PWS-DEL
22691771	0.949	retained_maternal_haplotype	001P	PWS-DEL
22691828	0.917	retained_maternal_haplotype	001P	PWS-DEL
22691871	0.928	retained_maternal_haplotype	001P	PWS-DEL
22691899	0.882	retained_maternal_haplotype	001P	PWS-DEL
22691909	0.960	retained_maternal_haplotype	001P	PWS-DEL
22691924	0.962	retained_maternal_haplotype	001P	PWS-DEL
22691928	0.963	retained_maternal_haplotype	001P	PWS-DEL
22691938	0.967	retained_maternal_haplotype	001P	PWS-DEL
22691940	0.966	retained_maternal_haplotype	001P	PWS-DEL
22691951	0.955	retained_maternal_haplotype	001P	PWS-DEL
22691969	0.645	retained_maternal_haplotype	001P	PWS-DEL
22691971	0.949	retained_maternal_haplotype	001P	PWS-DEL
22691986	0.927	retained_maternal_haplotype	001P	PWS-DEL
22691996	0.956	retained_maternal_haplotype	001P	PWS-DEL
22692008	0.934	retained_maternal_haplotype	001P	PWS-DEL
22692028	0.873	retained_maternal_haplotype	001P	PWS-DEL
22692037	0.961	retained_maternal_haplotype	001P	PWS-DEL
22692091	0.960	retained_maternal_haplotype	001P	PWS-DEL
22692098	0.961	retained_maternal_haplotype	001P	PWS-DEL
22692106	0.923	retained_maternal_haplotype	001P	PWS-DEL
22692137	0.957	retained_maternal_haplotype	001P	PWS-DEL
22692166	0.965	retained_maternal_haplotype	001P	PWS-DEL
22692171	0.956	retained_maternal_haplotype	001P	PWS-DEL
22692179	0.952	retained_maternal_haplotype	001P	PWS-DEL
22692190	0.959	retained_maternal_haplotype	001P	PWS-DEL
22692211	0.701	retained_maternal_haplotype	001P	PWS-DEL
22692240	0.953	retained_maternal_haplotype	001P	PWS-DEL
22692257	0.962	retained_maternal_haplotype	001P	PWS-DEL
22692264	0.967	retained_maternal_haplotype	001P	PWS-DEL
22692281	0.967	retained_maternal_haplotype	001P	PWS-DEL
22692284	0.942	retained_maternal_haplotype	001P	PWS-DEL
22692293	0.960	retained_maternal_haplotype	001P	PWS-DEL
22692298	0.955	retained_maternal_haplotype	001P	PWS-DEL
22692333	0.658	retained_maternal_haplotype	001P	PWS-DEL
22692366	0.966	retained_maternal_haplotype	001P	PWS-DEL
22692368	0.968	retained_maternal_haplotype	001P	PWS-DEL
22692371	0.965	retained_maternal_haplotype	001P	PWS-DEL
22692373	0.964	retained_maternal_haplotype	001P	PWS-DEL
22692384	0.867	retained_maternal_haplotype	001P	PWS-DEL
22692415	0.964	retained_maternal_haplotype	001P	PWS-DEL
22692418	0.965	retained_maternal_haplotype	001P	PWS-DEL
22692434	0.963	retained_maternal_haplotype	001P	PWS-DEL
22692437	0.962	retained_maternal_haplotype	001P	PWS-DEL
22692453	0.930	retained_maternal_haplotype	001P	PWS-DEL
22692466	0.963	retained_maternal_haplotype	001P	PWS-DEL
22692482	0.971	retained_maternal_haplotype	001P	PWS-DEL
22692485	0.968	retained_maternal_haplotype	001P	PWS-DEL
22692497	0.962	retained_maternal_haplotype	001P	PWS-DEL
22692500	0.962	retained_maternal_haplotype	001P	PWS-DEL
22692520	0.738	retained_maternal_haplotype	001P	PWS-DEL
22692532	0.955	retained_maternal_haplotype	001P	PWS-DEL
22692536	0.954	retained_maternal_haplotype	001P	PWS-DEL
22692538	0.805	retained_maternal_haplotype	001P	PWS-DEL
22692548	0.870	retained_maternal_haplotype	001P	PWS-DEL
22692555	0.952	retained_maternal_haplotype	001P	PWS-DEL
22692571	0.962	retained_maternal_haplotype	001P	PWS-DEL
22692626	0.964	retained_maternal_haplotype	001P	PWS-DEL
22692653	0.958	retained_maternal_haplotype	001P	PWS-DEL
22692706	0.959	retained_maternal_haplotype	001P	PWS-DEL
22692723	0.931	retained_maternal_haplotype	001P	PWS-DEL
22692742	0.895	retained_maternal_haplotype	001P	PWS-DEL
22692755	0.820	retained_maternal_haplotype	001P	PWS-DEL
22692774	0.954	retained_maternal_haplotype	001P	PWS-DEL
22692922	0.883	retained_maternal_haplotype	001P	PWS-DEL
22692947	0.900	retained_maternal_haplotype	001P	PWS-DEL
22692981	0.961	retained_maternal_haplotype	001P	PWS-DEL
22692984	0.966	retained_maternal_haplotype	001P	PWS-DEL
22692992	0.952	retained_maternal_haplotype	001P	PWS-DEL
22693005	0.960	retained_maternal_haplotype	001P	PWS-DEL
22693011	0.969	retained_maternal_haplotype	001P	PWS-DEL
22693019	0.968	retained_maternal_haplotype	001P	PWS-DEL
22693031	0.962	retained_maternal_haplotype	001P	PWS-DEL
22693050	0.951	retained_maternal_haplotype	001P	PWS-DEL
22693097	0.654	retained_maternal_haplotype	001P	PWS-DEL
22693109	0.763	retained_maternal_haplotype	001P	PWS-DEL
22693147	0.796	retained_maternal_haplotype	001P	PWS-DEL
22693160	0.952	retained_maternal_haplotype	001P	PWS-DEL
22693206	0.957	retained_maternal_haplotype	001P	PWS-DEL
22693212	0.960	retained_maternal_haplotype	001P	PWS-DEL
22693230	0.969	retained_maternal_haplotype	001P	PWS-DEL
22693236	0.973	retained_maternal_haplotype	001P	PWS-DEL
22693250	0.969	retained_maternal_haplotype	001P	PWS-DEL
22693255	0.960	retained_maternal_haplotype	001P	PWS-DEL
22693270	0.959	retained_maternal_haplotype	001P	PWS-DEL
22693280	0.902	retained_maternal_haplotype	001P	PWS-DEL
22693348	0.892	retained_maternal_haplotype	001P	PWS-DEL
22693357	0.905	retained_maternal_haplotype	001P	PWS-DEL
22693390	0.963	retained_maternal_haplotype	001P	PWS-DEL
22693399	0.960	retained_maternal_haplotype	001P	PWS-DEL
22693432	0.953	retained_maternal_haplotype	001P	PWS-DEL
22693493	0.943	retained_maternal_haplotype	001P	PWS-DEL
22691286	0.929	retained_maternal_haplotype	002P	PWS-DEL
22691291	0.838	retained_maternal_haplotype	002P	PWS-DEL
22691522	0.506	retained_maternal_haplotype	002P	PWS-DEL
22691554	0.422	retained_maternal_haplotype	002P	PWS-DEL
22691567	0.942	retained_maternal_haplotype	002P	PWS-DEL
22691573	0.968	retained_maternal_haplotype	002P	PWS-DEL
22691575	0.963	retained_maternal_haplotype	002P	PWS-DEL
22691579	0.922	retained_maternal_haplotype	002P	PWS-DEL
22691595	0.969	retained_maternal_haplotype	002P	PWS-DEL
22691597	0.961	retained_maternal_haplotype	002P	PWS-DEL
22691609	0.956	retained_maternal_haplotype	002P	PWS-DEL
22691621	0.953	retained_maternal_haplotype	002P	PWS-DEL
22691631	0.908	retained_maternal_haplotype	002P	PWS-DEL
22691642	0.928	retained_maternal_haplotype	002P	PWS-DEL
22691651	0.887	retained_maternal_haplotype	002P	PWS-DEL
22691663	0.953	retained_maternal_haplotype	002P	PWS-DEL
22691667	0.957	retained_maternal_haplotype	002P	PWS-DEL
22691670	0.959	retained_maternal_haplotype	002P	PWS-DEL
22691683	0.706	retained_maternal_haplotype	002P	PWS-DEL
22691700	0.951	retained_maternal_haplotype	002P	PWS-DEL
22691710	0.965	retained_maternal_haplotype	002P	PWS-DEL
22691712	0.911	retained_maternal_haplotype	002P	PWS-DEL
22691720	0.957	retained_maternal_haplotype	002P	PWS-DEL
22691739	0.959	retained_maternal_haplotype	002P	PWS-DEL
22691771	0.941	retained_maternal_haplotype	002P	PWS-DEL
22691828	0.472	retained_maternal_haplotype	002P	PWS-DEL
22691871	0.804	retained_maternal_haplotype	002P	PWS-DEL
22691899	0.958	retained_maternal_haplotype	002P	PWS-DEL
22691909	0.950	retained_maternal_haplotype	002P	PWS-DEL
22691924	0.937	retained_maternal_haplotype	002P	PWS-DEL
22691928	0.949	retained_maternal_haplotype	002P	PWS-DEL
22691938	0.962	retained_maternal_haplotype	002P	PWS-DEL
22691940	0.959	retained_maternal_haplotype	002P	PWS-DEL
22691951	0.927	retained_maternal_haplotype	002P	PWS-DEL
22691969	0.964	retained_maternal_haplotype	002P	PWS-DEL
22691971	0.965	retained_maternal_haplotype	002P	PWS-DEL
22691986	0.932	retained_maternal_haplotype	002P	PWS-DEL
22691996	0.955	retained_maternal_haplotype	002P	PWS-DEL
22692008	0.960	retained_maternal_haplotype	002P	PWS-DEL
22692028	0.954	retained_maternal_haplotype	002P	PWS-DEL
22692037	0.948	retained_maternal_haplotype	002P	PWS-DEL
22692091	0.913	retained_maternal_haplotype	002P	PWS-DEL
22692098	0.962	retained_maternal_haplotype	002P	PWS-DEL
22692106	0.959	retained_maternal_haplotype	002P	PWS-DEL
22692137	0.940	retained_maternal_haplotype	002P	PWS-DEL
22692166	0.968	retained_maternal_haplotype	002P	PWS-DEL
22692171	0.971	retained_maternal_haplotype	002P	PWS-DEL
22692179	0.952	retained_maternal_haplotype	002P	PWS-DEL
22692190	0.951	retained_maternal_haplotype	002P	PWS-DEL
22692211	0.940	retained_maternal_haplotype	002P	PWS-DEL
22692240	0.848	retained_maternal_haplotype	002P	PWS-DEL
22692257	0.838	retained_maternal_haplotype	002P	PWS-DEL
22692264	0.950	retained_maternal_haplotype	002P	PWS-DEL
22692281	0.811	retained_maternal_haplotype	002P	PWS-DEL
22692284	0.915	retained_maternal_haplotype	002P	PWS-DEL
22692293	0.957	retained_maternal_haplotype	002P	PWS-DEL
22692298	0.960	retained_maternal_haplotype	002P	PWS-DEL
22692333	0.934	retained_maternal_haplotype	002P	PWS-DEL
22692366	0.966	retained_maternal_haplotype	002P	PWS-DEL
22692368	0.968	retained_maternal_haplotype	002P	PWS-DEL
22692371	0.964	retained_maternal_haplotype	002P	PWS-DEL
22692373	0.960	retained_maternal_haplotype	002P	PWS-DEL
22692384	0.916	retained_maternal_haplotype	002P	PWS-DEL
22692415	0.955	retained_maternal_haplotype	002P	PWS-DEL
22692418	0.964	retained_maternal_haplotype	002P	PWS-DEL
22692434	0.964	retained_maternal_haplotype	002P	PWS-DEL
22692437	0.966	retained_maternal_haplotype	002P	PWS-DEL
22692453	0.946	retained_maternal_haplotype	002P	PWS-DEL
22692466	0.965	retained_maternal_haplotype	002P	PWS-DEL
22692482	0.973	retained_maternal_haplotype	002P	PWS-DEL
22692485	0.973	retained_maternal_haplotype	002P	PWS-DEL
22692497	0.970	retained_maternal_haplotype	002P	PWS-DEL
22692500	0.972	retained_maternal_haplotype	002P	PWS-DEL
22692520	0.963	retained_maternal_haplotype	002P	PWS-DEL
22692532	0.972	retained_maternal_haplotype	002P	PWS-DEL
22692536	0.972	retained_maternal_haplotype	002P	PWS-DEL
22692538	0.964	retained_maternal_haplotype	002P	PWS-DEL
22692548	0.962	retained_maternal_haplotype	002P	PWS-DEL
22692571	0.944	retained_maternal_haplotype	002P	PWS-DEL
22692626	0.917	retained_maternal_haplotype	002P	PWS-DEL
22692653	0.954	retained_maternal_haplotype	002P	PWS-DEL
22692706	0.960	retained_maternal_haplotype	002P	PWS-DEL
22692723	0.957	retained_maternal_haplotype	002P	PWS-DEL
22692742	0.936	retained_maternal_haplotype	002P	PWS-DEL
22692755	0.958	retained_maternal_haplotype	002P	PWS-DEL
22692774	0.959	retained_maternal_haplotype	002P	PWS-DEL
22692922	0.887	retained_maternal_haplotype	002P	PWS-DEL
22692947	0.956	retained_maternal_haplotype	002P	PWS-DEL
22692981	0.961	retained_maternal_haplotype	002P	PWS-DEL
22692984	0.955	retained_maternal_haplotype	002P	PWS-DEL
22692992	0.894	retained_maternal_haplotype	002P	PWS-DEL
22693005	0.951	retained_maternal_haplotype	002P	PWS-DEL
22693011	0.960	retained_maternal_haplotype	002P	PWS-DEL
22693019	0.921	retained_maternal_haplotype	002P	PWS-DEL
22693031	0.767	retained_maternal_haplotype	002P	PWS-DEL
22693050	0.952	retained_maternal_haplotype	002P	PWS-DEL
22693109	0.963	retained_maternal_haplotype	002P	PWS-DEL
22693147	0.961	retained_maternal_haplotype	002P	PWS-DEL
22693160	0.965	retained_maternal_haplotype	002P	PWS-DEL
22693206	0.956	retained_maternal_haplotype	002P	PWS-DEL
22693212	0.948	retained_maternal_haplotype	002P	PWS-DEL
22693230	0.961	retained_maternal_haplotype	002P	PWS-DEL
22693236	0.964	retained_maternal_haplotype	002P	PWS-DEL
22693250	0.950	retained_maternal_haplotype	002P	PWS-DEL
22693255	0.943	retained_maternal_haplotype	002P	PWS-DEL
22693270	0.964	retained_maternal_haplotype	002P	PWS-DEL
22693280	0.958	retained_maternal_haplotype	002P	PWS-DEL
22693348	0.887	retained_maternal_haplotype	002P	PWS-DEL
22693357	0.952	retained_maternal_haplotype	002P	PWS-DEL
22693390	0.956	retained_maternal_haplotype	002P	PWS-DEL
22693399	0.648	retained_maternal_haplotype	002P	PWS-DEL
22693432	0.933	retained_maternal_haplotype	002P	PWS-DEL
22693493	0.938	retained_maternal_haplotype	002P	PWS-DEL
22691899	0.901	retained_maternal_haplotype	005P	PWS-DEL
22691909	0.961	retained_maternal_haplotype	005P	PWS-DEL
22691924	0.966	retained_maternal_haplotype	005P	PWS-DEL
22691928	0.967	retained_maternal_haplotype	005P	PWS-DEL
22691938	0.973	retained_maternal_haplotype	005P	PWS-DEL
22691940	0.975	retained_maternal_haplotype	005P	PWS-DEL
22691951	0.967	retained_maternal_haplotype	005P	PWS-DEL
22691969	0.970	retained_maternal_haplotype	005P	PWS-DEL
22691971	0.974	retained_maternal_haplotype	005P	PWS-DEL
22691986	0.964	retained_maternal_haplotype	005P	PWS-DEL
22691996	0.954	retained_maternal_haplotype	005P	PWS-DEL
22692008	0.917	retained_maternal_haplotype	005P	PWS-DEL
22692028	0.857	retained_maternal_haplotype	005P	PWS-DEL
22692037	0.932	retained_maternal_haplotype	005P	PWS-DEL
22692091	0.962	retained_maternal_haplotype	005P	PWS-DEL
22692098	0.968	retained_maternal_haplotype	005P	PWS-DEL
22692106	0.962	retained_maternal_haplotype	005P	PWS-DEL
22692137	0.961	retained_maternal_haplotype	005P	PWS-DEL
22692166	0.945	retained_maternal_haplotype	005P	PWS-DEL
22692171	0.771	retained_maternal_haplotype	005P	PWS-DEL
22692179	0.241	retained_maternal_haplotype	005P	PWS-DEL
22692190	0.793	retained_maternal_haplotype	005P	PWS-DEL
22692211	0.850	retained_maternal_haplotype	005P	PWS-DEL
22692240	0.867	retained_maternal_haplotype	005P	PWS-DEL
22692257	0.938	retained_maternal_haplotype	005P	PWS-DEL
22692264	0.490	retained_maternal_haplotype	005P	PWS-DEL
22692281	0.863	retained_maternal_haplotype	005P	PWS-DEL
22692284	0.959	retained_maternal_haplotype	005P	PWS-DEL
22692293	0.956	retained_maternal_haplotype	005P	PWS-DEL
22692298	0.955	retained_maternal_haplotype	005P	PWS-DEL
22692333	0.856	retained_maternal_haplotype	005P	PWS-DEL
22692366	0.955	retained_maternal_haplotype	005P	PWS-DEL
22692368	0.946	retained_maternal_haplotype	005P	PWS-DEL
22692371	0.795	retained_maternal_haplotype	005P	PWS-DEL
22692373	0.929	retained_maternal_haplotype	005P	PWS-DEL
22692384	0.764	retained_maternal_haplotype	005P	PWS-DEL
22692415	0.937	retained_maternal_haplotype	005P	PWS-DEL
22692418	0.955	retained_maternal_haplotype	005P	PWS-DEL
22692434	0.883	retained_maternal_haplotype	005P	PWS-DEL
22692437	0.952	retained_maternal_haplotype	005P	PWS-DEL
22692453	0.964	retained_maternal_haplotype	005P	PWS-DEL
22692466	0.960	retained_maternal_haplotype	005P	PWS-DEL
22692482	0.960	retained_maternal_haplotype	005P	PWS-DEL
22692485	0.965	retained_maternal_haplotype	005P	PWS-DEL
22692497	0.953	retained_maternal_haplotype	005P	PWS-DEL
22692500	0.965	retained_maternal_haplotype	005P	PWS-DEL
22692520	0.966	retained_maternal_haplotype	005P	PWS-DEL
22692532	0.963	retained_maternal_haplotype	005P	PWS-DEL
22692536	0.960	retained_maternal_haplotype	005P	PWS-DEL
22692538	0.951	retained_maternal_haplotype	005P	PWS-DEL
22692548	0.951	retained_maternal_haplotype	005P	PWS-DEL
22692555	0.957	retained_maternal_haplotype	005P	PWS-DEL
22692571	0.952	retained_maternal_haplotype	005P	PWS-DEL
22692626	0.953	retained_maternal_haplotype	005P	PWS-DEL
22692653	0.963	retained_maternal_haplotype	005P	PWS-DEL
22692706	0.964	retained_maternal_haplotype	005P	PWS-DEL
22692723	0.952	retained_maternal_haplotype	005P	PWS-DEL
22692742	0.947	retained_maternal_haplotype	005P	PWS-DEL
22692755	0.946	retained_maternal_haplotype	005P	PWS-DEL
22692774	0.933	retained_maternal_haplotype	005P	PWS-DEL
22692922	0.925	retained_maternal_haplotype	005P	PWS-DEL
22692947	0.963	retained_maternal_haplotype	005P	PWS-DEL
22692981	0.967	retained_maternal_haplotype	005P	PWS-DEL
22692984	0.967	retained_maternal_haplotype	005P	PWS-DEL
22692992	0.962	retained_maternal_haplotype	005P	PWS-DEL
22693005	0.964	retained_maternal_haplotype	005P	PWS-DEL
22693011	0.916	retained_maternal_haplotype	005P	PWS-DEL
22693019	0.968	retained_maternal_haplotype	005P	PWS-DEL
22693031	0.968	retained_maternal_haplotype	005P	PWS-DEL
22693050	0.960	retained_maternal_haplotype	005P	PWS-DEL
22693097	0.968	retained_maternal_haplotype	005P	PWS-DEL
22693109	0.970	retained_maternal_haplotype	005P	PWS-DEL
22693147	0.970	retained_maternal_haplotype	005P	PWS-DEL
22693160	0.973	retained_maternal_haplotype	005P	PWS-DEL
22693206	0.972	retained_maternal_haplotype	005P	PWS-DEL
22693212	0.967	retained_maternal_haplotype	005P	PWS-DEL
22693230	0.966	retained_maternal_haplotype	005P	PWS-DEL
22693236	0.960	retained_maternal_haplotype	005P	PWS-DEL
22693250	0.936	retained_maternal_haplotype	005P	PWS-DEL
22693255	0.920	retained_maternal_haplotype	005P	PWS-DEL
22693270	0.969	retained_maternal_haplotype	005P	PWS-DEL
22693280	0.967	retained_maternal_haplotype	005P	PWS-DEL
22693348	0.963	retained_maternal_haplotype	005P	PWS-DEL
22693357	0.958	retained_maternal_haplotype	005P	PWS-DEL
22693366	0.948	retained_maternal_haplotype	005P	PWS-DEL
22693390	0.952	retained_maternal_haplotype	005P	PWS-DEL
22693399	0.941	retained_maternal_haplotype	005P	PWS-DEL
22693432	0.965	retained_maternal_haplotype	005P	PWS-DEL
22693493	0.967	retained_maternal_haplotype	005P	PWS-DEL
22691291	0.914	retained_maternal_haplotype	006P	PWS-DEL
22691522	0.549	retained_maternal_haplotype	006P	PWS-DEL
22691554	0.942	retained_maternal_haplotype	006P	PWS-DEL
22691567	0.917	retained_maternal_haplotype	006P	PWS-DEL
22691573	0.942	retained_maternal_haplotype	006P	PWS-DEL
22691575	0.963	retained_maternal_haplotype	006P	PWS-DEL
22691579	0.951	retained_maternal_haplotype	006P	PWS-DEL
22691595	0.970	retained_maternal_haplotype	006P	PWS-DEL
22691597	0.968	retained_maternal_haplotype	006P	PWS-DEL
22691621	0.943	retained_maternal_haplotype	006P	PWS-DEL
22691631	0.956	retained_maternal_haplotype	006P	PWS-DEL
22691642	0.962	retained_maternal_haplotype	006P	PWS-DEL
22691651	0.955	retained_maternal_haplotype	006P	PWS-DEL
22691663	0.963	retained_maternal_haplotype	006P	PWS-DEL
22691667	0.969	retained_maternal_haplotype	006P	PWS-DEL
22691670	0.962	retained_maternal_haplotype	006P	PWS-DEL
22691683	0.944	retained_maternal_haplotype	006P	PWS-DEL
22691700	0.944	retained_maternal_haplotype	006P	PWS-DEL
22691710	0.966	retained_maternal_haplotype	006P	PWS-DEL
22691712	0.966	retained_maternal_haplotype	006P	PWS-DEL
22691720	0.965	retained_maternal_haplotype	006P	PWS-DEL
22691739	0.958	retained_maternal_haplotype	006P	PWS-DEL
22691771	0.951	retained_maternal_haplotype	006P	PWS-DEL
22691828	0.922	retained_maternal_haplotype	006P	PWS-DEL
22691871	0.943	retained_maternal_haplotype	006P	PWS-DEL
22691899	0.958	retained_maternal_haplotype	006P	PWS-DEL
22691909	0.963	retained_maternal_haplotype	006P	PWS-DEL
22691924	0.961	retained_maternal_haplotype	006P	PWS-DEL
22691928	0.964	retained_maternal_haplotype	006P	PWS-DEL
22691938	0.971	retained_maternal_haplotype	006P	PWS-DEL
22691940	0.964	retained_maternal_haplotype	006P	PWS-DEL
22691951	0.958	retained_maternal_haplotype	006P	PWS-DEL
22691969	0.875	retained_maternal_haplotype	006P	PWS-DEL
22691971	0.835	retained_maternal_haplotype	006P	PWS-DEL
22691986	0.628	retained_maternal_haplotype	006P	PWS-DEL
22691996	0.955	retained_maternal_haplotype	006P	PWS-DEL
22692008	0.961	retained_maternal_haplotype	006P	PWS-DEL
22692028	0.950	retained_maternal_haplotype	006P	PWS-DEL
22692037	0.961	retained_maternal_haplotype	006P	PWS-DEL
22692091	0.966	retained_maternal_haplotype	006P	PWS-DEL
22692098	0.957	retained_maternal_haplotype	006P	PWS-DEL
22692106	0.951	retained_maternal_haplotype	006P	PWS-DEL
22692137	0.740	retained_maternal_haplotype	006P	PWS-DEL
22692166	0.965	retained_maternal_haplotype	006P	PWS-DEL
22692171	0.967	retained_maternal_haplotype	006P	PWS-DEL
22692179	0.934	retained_maternal_haplotype	006P	PWS-DEL
22692190	0.949	retained_maternal_haplotype	006P	PWS-DEL
22692211	0.951	retained_maternal_haplotype	006P	PWS-DEL
22692240	0.794	retained_maternal_haplotype	006P	PWS-DEL
22692257	0.911	retained_maternal_haplotype	006P	PWS-DEL
22692264	0.932	retained_maternal_haplotype	006P	PWS-DEL
22692281	0.777	retained_maternal_haplotype	006P	PWS-DEL
22692284	0.799	retained_maternal_haplotype	006P	PWS-DEL
22692293	0.940	retained_maternal_haplotype	006P	PWS-DEL
22692298	0.948	retained_maternal_haplotype	006P	PWS-DEL
22692333	0.726	retained_maternal_haplotype	006P	PWS-DEL
22692366	0.956	retained_maternal_haplotype	006P	PWS-DEL
22692368	0.965	retained_maternal_haplotype	006P	PWS-DEL
22692371	0.961	retained_maternal_haplotype	006P	PWS-DEL
22692373	0.961	retained_maternal_haplotype	006P	PWS-DEL
22692384	0.874	retained_maternal_haplotype	006P	PWS-DEL
22692415	0.959	retained_maternal_haplotype	006P	PWS-DEL
22692418	0.961	retained_maternal_haplotype	006P	PWS-DEL
22692434	0.964	retained_maternal_haplotype	006P	PWS-DEL
22692437	0.963	retained_maternal_haplotype	006P	PWS-DEL
22692453	0.942	retained_maternal_haplotype	006P	PWS-DEL
22692466	0.945	retained_maternal_haplotype	006P	PWS-DEL
22692482	0.973	retained_maternal_haplotype	006P	PWS-DEL
22692485	0.970	retained_maternal_haplotype	006P	PWS-DEL
22692497	0.971	retained_maternal_haplotype	006P	PWS-DEL
22692500	0.962	retained_maternal_haplotype	006P	PWS-DEL
22692520	0.954	retained_maternal_haplotype	006P	PWS-DEL
22692532	0.964	retained_maternal_haplotype	006P	PWS-DEL
22692536	0.976	retained_maternal_haplotype	006P	PWS-DEL
22692538	0.973	retained_maternal_haplotype	006P	PWS-DEL
22692548	0.970	retained_maternal_haplotype	006P	PWS-DEL
22692571	0.967	retained_maternal_haplotype	006P	PWS-DEL
22692626	0.962	retained_maternal_haplotype	006P	PWS-DEL
22692653	0.960	retained_maternal_haplotype	006P	PWS-DEL
22692706	0.961	retained_maternal_haplotype	006P	PWS-DEL
22692723	0.958	retained_maternal_haplotype	006P	PWS-DEL
22692742	0.913	retained_maternal_haplotype	006P	PWS-DEL
22692755	0.916	retained_maternal_haplotype	006P	PWS-DEL
22692774	0.960	retained_maternal_haplotype	006P	PWS-DEL
22692922	0.949	retained_maternal_haplotype	006P	PWS-DEL
22692947	0.692	retained_maternal_haplotype	006P	PWS-DEL
22692981	0.950	retained_maternal_haplotype	006P	PWS-DEL
22692984	0.957	retained_maternal_haplotype	006P	PWS-DEL
22692992	0.954	retained_maternal_haplotype	006P	PWS-DEL
22693005	0.960	retained_maternal_haplotype	006P	PWS-DEL
22693011	0.963	retained_maternal_haplotype	006P	PWS-DEL
22693019	0.896	retained_maternal_haplotype	006P	PWS-DEL
22693031	0.894	retained_maternal_haplotype	006P	PWS-DEL
22693050	0.947	retained_maternal_haplotype	006P	PWS-DEL
22693109	0.947	retained_maternal_haplotype	006P	PWS-DEL
22693147	0.786	retained_maternal_haplotype	006P	PWS-DEL
22693160	0.938	retained_maternal_haplotype	006P	PWS-DEL
22693206	0.961	retained_maternal_haplotype	006P	PWS-DEL
22693212	0.960	retained_maternal_haplotype	006P	PWS-DEL
22693230	0.969	retained_maternal_haplotype	006P	PWS-DEL
22693236	0.969	retained_maternal_haplotype	006P	PWS-DEL
22693250	0.968	retained_maternal_haplotype	006P	PWS-DEL
22693255	0.965	retained_maternal_haplotype	006P	PWS-DEL
22693270	0.966	retained_maternal_haplotype	006P	PWS-DEL
22693280	0.963	retained_maternal_haplotype	006P	PWS-DEL
22693348	0.960	retained_maternal_haplotype	006P	PWS-DEL
22693357	0.954	retained_maternal_haplotype	006P	PWS-DEL
22693390	0.874	retained_maternal_haplotype	006P	PWS-DEL
22693399	0.657	retained_maternal_haplotype	006P	PWS-DEL
22693432	0.881	retained_maternal_haplotype	006P	PWS-DEL
22693493	0.939	retained_maternal_haplotype	006P	PWS-DEL
22691291	0.939	retained_maternal_haplotype	007P	PWS-DEL
22691522	0.491	retained_maternal_haplotype	007P	PWS-DEL
22691554	0.792	retained_maternal_haplotype	007P	PWS-DEL
22691567	0.955	retained_maternal_haplotype	007P	PWS-DEL
22691573	0.967	retained_maternal_haplotype	007P	PWS-DEL
22691575	0.963	retained_maternal_haplotype	007P	PWS-DEL
22691579	0.953	retained_maternal_haplotype	007P	PWS-DEL
22691595	0.971	retained_maternal_haplotype	007P	PWS-DEL
22691597	0.968	retained_maternal_haplotype	007P	PWS-DEL
22691609	0.964	retained_maternal_haplotype	007P	PWS-DEL
22691621	0.960	retained_maternal_haplotype	007P	PWS-DEL
22691631	0.958	retained_maternal_haplotype	007P	PWS-DEL
22691642	0.916	retained_maternal_haplotype	007P	PWS-DEL
22691651	0.958	retained_maternal_haplotype	007P	PWS-DEL
22691663	0.967	retained_maternal_haplotype	007P	PWS-DEL
22691667	0.961	retained_maternal_haplotype	007P	PWS-DEL
22691670	0.960	retained_maternal_haplotype	007P	PWS-DEL
22691683	0.546	retained_maternal_haplotype	007P	PWS-DEL
22691700	0.961	retained_maternal_haplotype	007P	PWS-DEL
22691710	0.968	retained_maternal_haplotype	007P	PWS-DEL
22691712	0.969	retained_maternal_haplotype	007P	PWS-DEL
22691720	0.960	retained_maternal_haplotype	007P	PWS-DEL
22691739	0.958	retained_maternal_haplotype	007P	PWS-DEL
22691771	0.953	retained_maternal_haplotype	007P	PWS-DEL
22691828	0.409	retained_maternal_haplotype	007P	PWS-DEL
22691871	0.907	retained_maternal_haplotype	007P	PWS-DEL
22691899	0.759	retained_maternal_haplotype	007P	PWS-DEL
22691909	0.940	retained_maternal_haplotype	007P	PWS-DEL
22691924	0.956	retained_maternal_haplotype	007P	PWS-DEL
22691928	0.951	retained_maternal_haplotype	007P	PWS-DEL
22691938	0.969	retained_maternal_haplotype	007P	PWS-DEL
22691940	0.968	retained_maternal_haplotype	007P	PWS-DEL
22691951	0.960	retained_maternal_haplotype	007P	PWS-DEL
22691969	0.973	retained_maternal_haplotype	007P	PWS-DEL
22691971	0.973	retained_maternal_haplotype	007P	PWS-DEL
22691986	0.967	retained_maternal_haplotype	007P	PWS-DEL
22691996	0.960	retained_maternal_haplotype	007P	PWS-DEL
22692008	0.945	retained_maternal_haplotype	007P	PWS-DEL
22692028	0.855	retained_maternal_haplotype	007P	PWS-DEL
22692037	0.766	retained_maternal_haplotype	007P	PWS-DEL
22692091	0.828	retained_maternal_haplotype	007P	PWS-DEL
22692098	0.944	retained_maternal_haplotype	007P	PWS-DEL
22692106	0.913	retained_maternal_haplotype	007P	PWS-DEL
22692137	0.839	retained_maternal_haplotype	007P	PWS-DEL
22692166	0.953	retained_maternal_haplotype	007P	PWS-DEL
22692171	0.919	retained_maternal_haplotype	007P	PWS-DEL
22692179	0.807	retained_maternal_haplotype	007P	PWS-DEL
22692190	0.949	retained_maternal_haplotype	007P	PWS-DEL
22692211	0.951	retained_maternal_haplotype	007P	PWS-DEL
22692240	0.884	retained_maternal_haplotype	007P	PWS-DEL
22692257	0.553	retained_maternal_haplotype	007P	PWS-DEL
22692264	0.949	retained_maternal_haplotype	007P	PWS-DEL
22692281	0.956	retained_maternal_haplotype	007P	PWS-DEL
22692284	0.942	retained_maternal_haplotype	007P	PWS-DEL
22692293	0.923	retained_maternal_haplotype	007P	PWS-DEL
22692298	0.951	retained_maternal_haplotype	007P	PWS-DEL
22692333	0.623	retained_maternal_haplotype	007P	PWS-DEL
22692366	0.958	retained_maternal_haplotype	007P	PWS-DEL
22692368	0.960	retained_maternal_haplotype	007P	PWS-DEL
22692371	0.965	retained_maternal_haplotype	007P	PWS-DEL
22692373	0.965	retained_maternal_haplotype	007P	PWS-DEL
22692384	0.960	retained_maternal_haplotype	007P	PWS-DEL
22692415	0.955	retained_maternal_haplotype	007P	PWS-DEL
22692418	0.951	retained_maternal_haplotype	007P	PWS-DEL
22692434	0.899	retained_maternal_haplotype	007P	PWS-DEL
22692437	0.948	retained_maternal_haplotype	007P	PWS-DEL
22692453	0.953	retained_maternal_haplotype	007P	PWS-DEL
22692466	0.958	retained_maternal_haplotype	007P	PWS-DEL
22692482	0.952	retained_maternal_haplotype	007P	PWS-DEL
22692485	0.960	retained_maternal_haplotype	007P	PWS-DEL
22692497	0.959	retained_maternal_haplotype	007P	PWS-DEL
22692500	0.960	retained_maternal_haplotype	007P	PWS-DEL
22692520	0.962	retained_maternal_haplotype	007P	PWS-DEL
22692532	0.965	retained_maternal_haplotype	007P	PWS-DEL
22692536	0.970	retained_maternal_haplotype	007P	PWS-DEL
22692538	0.966	retained_maternal_haplotype	007P	PWS-DEL
22692548	0.958	retained_maternal_haplotype	007P	PWS-DEL
22692555	0.950	retained_maternal_haplotype	007P	PWS-DEL
22692571	0.943	retained_maternal_haplotype	007P	PWS-DEL
22692626	0.951	retained_maternal_haplotype	007P	PWS-DEL
22692653	0.927	retained_maternal_haplotype	007P	PWS-DEL
22692706	0.951	retained_maternal_haplotype	007P	PWS-DEL
22692723	0.942	retained_maternal_haplotype	007P	PWS-DEL
22692742	0.734	retained_maternal_haplotype	007P	PWS-DEL
22692755	0.779	retained_maternal_haplotype	007P	PWS-DEL
22692774	0.950	retained_maternal_haplotype	007P	PWS-DEL
22692922	0.898	retained_maternal_haplotype	007P	PWS-DEL
22692947	0.954	retained_maternal_haplotype	007P	PWS-DEL
22692981	0.962	retained_maternal_haplotype	007P	PWS-DEL
22692984	0.942	retained_maternal_haplotype	007P	PWS-DEL
22692992	0.952	retained_maternal_haplotype	007P	PWS-DEL
22693005	0.962	retained_maternal_haplotype	007P	PWS-DEL
22693011	0.963	retained_maternal_haplotype	007P	PWS-DEL
22693019	0.960	retained_maternal_haplotype	007P	PWS-DEL
22693031	0.885	retained_maternal_haplotype	007P	PWS-DEL
22693050	0.924	retained_maternal_haplotype	007P	PWS-DEL
22693097	0.714	retained_maternal_haplotype	007P	PWS-DEL
22693109	0.962	retained_maternal_haplotype	007P	PWS-DEL
22693147	0.965	retained_maternal_haplotype	007P	PWS-DEL
22693160	0.962	retained_maternal_haplotype	007P	PWS-DEL
22693206	0.962	retained_maternal_haplotype	007P	PWS-DEL
22693212	0.687	retained_maternal_haplotype	007P	PWS-DEL
22693230	0.953	retained_maternal_haplotype	007P	PWS-DEL
22693236	0.949	retained_maternal_haplotype	007P	PWS-DEL
22693250	0.784	retained_maternal_haplotype	007P	PWS-DEL
22693255	0.802	retained_maternal_haplotype	007P	PWS-DEL
22693270	0.957	retained_maternal_haplotype	007P	PWS-DEL
22693280	0.949	retained_maternal_haplotype	007P	PWS-DEL
22693348	0.925	retained_maternal_haplotype	007P	PWS-DEL
22693357	0.954	retained_maternal_haplotype	007P	PWS-DEL
22693390	0.958	retained_maternal_haplotype	007P	PWS-DEL
22693399	0.893	retained_maternal_haplotype	007P	PWS-DEL
22693432	0.860	retained_maternal_haplotype	007P	PWS-DEL
22693493	0.934	retained_maternal_haplotype	007P	PWS-DEL
22691291	0.013	maternal_pattern_hap1_minus_hap2	004P	PWS-mUPD
22691522	0.265	maternal_pattern_hap1_minus_hap2	004P	PWS-mUPD
22691554	0.402	maternal_pattern_hap1_minus_hap2	004P	PWS-mUPD
22691567	-0.027	maternal_pattern_hap1_minus_hap2	004P	PWS-mUPD
22691573	-0.013	maternal_pattern_hap1_minus_hap2	004P	PWS-mUPD
22691575	-0.006	maternal_pattern_hap1_minus_hap2	004P	PWS-mUPD
22691579	-0.007	maternal_pattern_hap1_minus_hap2	004P	PWS-mUPD
22691595	-0.026	maternal_pattern_hap1_minus_hap2	004P	PWS-mUPD
22691597	-0.004	maternal_pattern_hap1_minus_hap2	004P	PWS-mUPD
22691609	0.003	maternal_pattern_hap1_minus_hap2	004P	PWS-mUPD
22691621	0.013	maternal_pattern_hap1_minus_hap2	004P	PWS-mUPD
22691631	-0.014	maternal_pattern_hap1_minus_hap2	004P	PWS-mUPD
22691642	-0.003	maternal_pattern_hap1_minus_hap2	004P	PWS-mUPD
22691651	-0.046	maternal_pattern_hap1_minus_hap2	004P	PWS-mUPD
22691663	-0.017	maternal_pattern_hap1_minus_hap2	004P	PWS-mUPD
22691667	-0.005	maternal_pattern_hap1_minus_hap2	004P	PWS-mUPD
22691670	-0.009	maternal_pattern_hap1_minus_hap2	004P	PWS-mUPD
22691683	-0.010	maternal_pattern_hap1_minus_hap2	004P	PWS-mUPD
22691700	-0.009	maternal_pattern_hap1_minus_hap2	004P	PWS-mUPD
22691710	0.003	maternal_pattern_hap1_minus_hap2	004P	PWS-mUPD
22691712	0.010	maternal_pattern_hap1_minus_hap2	004P	PWS-mUPD
22691720	0.008	maternal_pattern_hap1_minus_hap2	004P	PWS-mUPD
22691739	0.041	maternal_pattern_hap1_minus_hap2	004P	PWS-mUPD
22691771	-0.014	maternal_pattern_hap1_minus_hap2	004P	PWS-mUPD
22691828	-0.735	maternal_pattern_hap1_minus_hap2	004P	PWS-mUPD
22691871	-0.340	maternal_pattern_hap1_minus_hap2	004P	PWS-mUPD
22691899	-0.003	maternal_pattern_hap1_minus_hap2	004P	PWS-mUPD
22691909	0.030	maternal_pattern_hap1_minus_hap2	004P	PWS-mUPD
22691924	-0.052	maternal_pattern_hap1_minus_hap2	004P	PWS-mUPD
22691928	0.011	maternal_pattern_hap1_minus_hap2	004P	PWS-mUPD
22691938	0.023	maternal_pattern_hap1_minus_hap2	004P	PWS-mUPD
22691940	-0.015	maternal_pattern_hap1_minus_hap2	004P	PWS-mUPD
22691951	0.014	maternal_pattern_hap1_minus_hap2	004P	PWS-mUPD
22691969	0.008	maternal_pattern_hap1_minus_hap2	004P	PWS-mUPD
22691971	0.074	maternal_pattern_hap1_minus_hap2	004P	PWS-mUPD
22691986	0.098	maternal_pattern_hap1_minus_hap2	004P	PWS-mUPD
22691996	0.014	maternal_pattern_hap1_minus_hap2	004P	PWS-mUPD
22692008	0.018	maternal_pattern_hap1_minus_hap2	004P	PWS-mUPD
22692028	0.025	maternal_pattern_hap1_minus_hap2	004P	PWS-mUPD
22692037	-0.019	maternal_pattern_hap1_minus_hap2	004P	PWS-mUPD
22692091	-0.064	maternal_pattern_hap1_minus_hap2	004P	PWS-mUPD
22692098	-0.020	maternal_pattern_hap1_minus_hap2	004P	PWS-mUPD
22692106	-0.007	maternal_pattern_hap1_minus_hap2	004P	PWS-mUPD
22692137	-0.118	maternal_pattern_hap1_minus_hap2	004P	PWS-mUPD
22692166	0.048	maternal_pattern_hap1_minus_hap2	004P	PWS-mUPD
22692171	0.142	maternal_pattern_hap1_minus_hap2	004P	PWS-mUPD
22692179	-0.513	maternal_pattern_hap1_minus_hap2	004P	PWS-mUPD
22692190	0.159	maternal_pattern_hap1_minus_hap2	004P	PWS-mUPD
22692211	0.262	maternal_pattern_hap1_minus_hap2	004P	PWS-mUPD
22692240	0.126	maternal_pattern_hap1_minus_hap2	004P	PWS-mUPD
22692257	0.091	maternal_pattern_hap1_minus_hap2	004P	PWS-mUPD
22692264	-0.015	maternal_pattern_hap1_minus_hap2	004P	PWS-mUPD
22692281	0.545	maternal_pattern_hap1_minus_hap2	004P	PWS-mUPD
22692284	-0.050	maternal_pattern_hap1_minus_hap2	004P	PWS-mUPD
22692293	-0.051	maternal_pattern_hap1_minus_hap2	004P	PWS-mUPD
22692298	-0.032	maternal_pattern_hap1_minus_hap2	004P	PWS-mUPD
22692333	-0.025	maternal_pattern_hap1_minus_hap2	004P	PWS-mUPD
22692366	-0.106	maternal_pattern_hap1_minus_hap2	004P	PWS-mUPD
22692368	-0.273	maternal_pattern_hap1_minus_hap2	004P	PWS-mUPD
22692371	-0.169	maternal_pattern_hap1_minus_hap2	004P	PWS-mUPD
22692373	-0.054	maternal_pattern_hap1_minus_hap2	004P	PWS-mUPD
22692384	0.009	maternal_pattern_hap1_minus_hap2	004P	PWS-mUPD
22692415	-0.003	maternal_pattern_hap1_minus_hap2	004P	PWS-mUPD
22692418	-0.031	maternal_pattern_hap1_minus_hap2	004P	PWS-mUPD
22692434	-0.016	maternal_pattern_hap1_minus_hap2	004P	PWS-mUPD
22692437	-0.005	maternal_pattern_hap1_minus_hap2	004P	PWS-mUPD
22692453	0.003	maternal_pattern_hap1_minus_hap2	004P	PWS-mUPD
22692466	0.004	maternal_pattern_hap1_minus_hap2	004P	PWS-mUPD
22692482	0.003	maternal_pattern_hap1_minus_hap2	004P	PWS-mUPD
22692485	0.002	maternal_pattern_hap1_minus_hap2	004P	PWS-mUPD
22692497	0.015	maternal_pattern_hap1_minus_hap2	004P	PWS-mUPD
22692500	0.062	maternal_pattern_hap1_minus_hap2	004P	PWS-mUPD
22692520	0.021	maternal_pattern_hap1_minus_hap2	004P	PWS-mUPD
22692532	-0.015	maternal_pattern_hap1_minus_hap2	004P	PWS-mUPD
22692536	-0.007	maternal_pattern_hap1_minus_hap2	004P	PWS-mUPD
22692538	-0.243	maternal_pattern_hap1_minus_hap2	004P	PWS-mUPD
22692548	-0.258	maternal_pattern_hap1_minus_hap2	004P	PWS-mUPD
22692555	0.012	maternal_pattern_hap1_minus_hap2	004P	PWS-mUPD
22692571	0.108	maternal_pattern_hap1_minus_hap2	004P	PWS-mUPD
22692626	0.054	maternal_pattern_hap1_minus_hap2	004P	PWS-mUPD
22692653	-0.003	maternal_pattern_hap1_minus_hap2	004P	PWS-mUPD
22692706	0.003	maternal_pattern_hap1_minus_hap2	004P	PWS-mUPD
22692723	-0.034	maternal_pattern_hap1_minus_hap2	004P	PWS-mUPD
22692742	-0.006	maternal_pattern_hap1_minus_hap2	004P	PWS-mUPD
22692755	-0.011	maternal_pattern_hap1_minus_hap2	004P	PWS-mUPD
22692774	-0.048	maternal_pattern_hap1_minus_hap2	004P	PWS-mUPD
22692922	0.014	maternal_pattern_hap1_minus_hap2	004P	PWS-mUPD
22692947	0.054	maternal_pattern_hap1_minus_hap2	004P	PWS-mUPD
22692981	0.017	maternal_pattern_hap1_minus_hap2	004P	PWS-mUPD
22692984	0.015	maternal_pattern_hap1_minus_hap2	004P	PWS-mUPD
22692992	0.333	maternal_pattern_hap1_minus_hap2	004P	PWS-mUPD
22693005	0.012	maternal_pattern_hap1_minus_hap2	004P	PWS-mUPD
22693011	-0.041	maternal_pattern_hap1_minus_hap2	004P	PWS-mUPD
22693019	-0.038	maternal_pattern_hap1_minus_hap2	004P	PWS-mUPD
22693031	-0.033	maternal_pattern_hap1_minus_hap2	004P	PWS-mUPD
22693050	0.128	maternal_pattern_hap1_minus_hap2	004P	PWS-mUPD
22693097	0.238	maternal_pattern_hap1_minus_hap2	004P	PWS-mUPD
22693109	0.092	maternal_pattern_hap1_minus_hap2	004P	PWS-mUPD
22693147	0.042	maternal_pattern_hap1_minus_hap2	004P	PWS-mUPD
22693160	0.014	maternal_pattern_hap1_minus_hap2	004P	PWS-mUPD
22693206	0.006	maternal_pattern_hap1_minus_hap2	004P	PWS-mUPD
22693212	0.017	maternal_pattern_hap1_minus_hap2	004P	PWS-mUPD
22693230	-0.027	maternal_pattern_hap1_minus_hap2	004P	PWS-mUPD
22693236	-0.124	maternal_pattern_hap1_minus_hap2	004P	PWS-mUPD
22693250	-0.264	maternal_pattern_hap1_minus_hap2	004P	PWS-mUPD
22693255	-0.460	maternal_pattern_hap1_minus_hap2	004P	PWS-mUPD
22693270	-0.013	maternal_pattern_hap1_minus_hap2	004P	PWS-mUPD
22693280	-0.110	maternal_pattern_hap1_minus_hap2	004P	PWS-mUPD
22693348	-0.231	maternal_pattern_hap1_minus_hap2	004P	PWS-mUPD
22693357	-0.149	maternal_pattern_hap1_minus_hap2	004P	PWS-mUPD
22693390	-0.008	maternal_pattern_hap1_minus_hap2	004P	PWS-mUPD
22693399	-0.051	maternal_pattern_hap1_minus_hap2	004P	PWS-mUPD
22693432	-0.144	maternal_pattern_hap1_minus_hap2	004P	PWS-mUPD
22693493	0.007	maternal_pattern_hap1_minus_hap2	004P	PWS-mUPD
22691286	-0.967	negative_retained_paternal_pattern	013A	AS-DEL
22691291	-0.960	negative_retained_paternal_pattern	013A	AS-DEL
22691522	-0.972	negative_retained_paternal_pattern	013A	AS-DEL
22691554	-0.966	negative_retained_paternal_pattern	013A	AS-DEL
22691567	-0.977	negative_retained_paternal_pattern	013A	AS-DEL
22691573	-0.975	negative_retained_paternal_pattern	013A	AS-DEL
22691575	-0.972	negative_retained_paternal_pattern	013A	AS-DEL
22691579	-0.971	negative_retained_paternal_pattern	013A	AS-DEL
22691595	-0.973	negative_retained_paternal_pattern	013A	AS-DEL
22691597	-0.970	negative_retained_paternal_pattern	013A	AS-DEL
22691609	-0.979	negative_retained_paternal_pattern	013A	AS-DEL
22691621	-0.975	negative_retained_paternal_pattern	013A	AS-DEL
22691631	-0.966	negative_retained_paternal_pattern	013A	AS-DEL
22691642	-0.959	negative_retained_paternal_pattern	013A	AS-DEL
22691651	-0.965	negative_retained_paternal_pattern	013A	AS-DEL
22691663	-0.970	negative_retained_paternal_pattern	013A	AS-DEL
22691667	-0.968	negative_retained_paternal_pattern	013A	AS-DEL
22691670	-0.974	negative_retained_paternal_pattern	013A	AS-DEL
22691683	-0.975	negative_retained_paternal_pattern	013A	AS-DEL
22691700	-0.975	negative_retained_paternal_pattern	013A	AS-DEL
22691710	-0.978	negative_retained_paternal_pattern	013A	AS-DEL
22691712	-0.974	negative_retained_paternal_pattern	013A	AS-DEL
22691720	-0.972	negative_retained_paternal_pattern	013A	AS-DEL
22691739	-0.963	negative_retained_paternal_pattern	013A	AS-DEL
22691771	-0.958	negative_retained_paternal_pattern	013A	AS-DEL
22691828	-0.856	negative_retained_paternal_pattern	013A	AS-DEL
22691871	-0.965	negative_retained_paternal_pattern	013A	AS-DEL
22691899	-0.965	negative_retained_paternal_pattern	013A	AS-DEL
22691909	-0.972	negative_retained_paternal_pattern	013A	AS-DEL
22691924	-0.978	negative_retained_paternal_pattern	013A	AS-DEL
22691928	-0.975	negative_retained_paternal_pattern	013A	AS-DEL
22691938	-0.964	negative_retained_paternal_pattern	013A	AS-DEL
22691940	-0.969	negative_retained_paternal_pattern	013A	AS-DEL
22691951	-0.966	negative_retained_paternal_pattern	013A	AS-DEL
22691969	-0.968	negative_retained_paternal_pattern	013A	AS-DEL
22691971	-0.966	negative_retained_paternal_pattern	013A	AS-DEL
22691986	-0.970	negative_retained_paternal_pattern	013A	AS-DEL
22691996	-0.968	negative_retained_paternal_pattern	013A	AS-DEL
22692008	-0.970	negative_retained_paternal_pattern	013A	AS-DEL
22692028	-0.971	negative_retained_paternal_pattern	013A	AS-DEL
22692037	-0.969	negative_retained_paternal_pattern	013A	AS-DEL
22692091	-0.969	negative_retained_paternal_pattern	013A	AS-DEL
22692098	-0.940	negative_retained_paternal_pattern	013A	AS-DEL
22692106	-0.929	negative_retained_paternal_pattern	013A	AS-DEL
22692137	-0.967	negative_retained_paternal_pattern	013A	AS-DEL
22692166	-0.973	negative_retained_paternal_pattern	013A	AS-DEL
22692171	-0.969	negative_retained_paternal_pattern	013A	AS-DEL
22692179	-0.967	negative_retained_paternal_pattern	013A	AS-DEL
22692190	-0.973	negative_retained_paternal_pattern	013A	AS-DEL
22692211	-0.972	negative_retained_paternal_pattern	013A	AS-DEL
22692240	-0.961	negative_retained_paternal_pattern	013A	AS-DEL
22692257	-0.937	negative_retained_paternal_pattern	013A	AS-DEL
22692264	-0.961	negative_retained_paternal_pattern	013A	AS-DEL
22692281	-0.960	negative_retained_paternal_pattern	013A	AS-DEL
22692284	-0.952	negative_retained_paternal_pattern	013A	AS-DEL
22692293	-0.969	negative_retained_paternal_pattern	013A	AS-DEL
22692298	-0.971	negative_retained_paternal_pattern	013A	AS-DEL
22692333	-0.964	negative_retained_paternal_pattern	013A	AS-DEL
22692366	-0.976	negative_retained_paternal_pattern	013A	AS-DEL
22692368	-0.968	negative_retained_paternal_pattern	013A	AS-DEL
22692371	-0.969	negative_retained_paternal_pattern	013A	AS-DEL
22692373	-0.960	negative_retained_paternal_pattern	013A	AS-DEL
22692384	-0.968	negative_retained_paternal_pattern	013A	AS-DEL
22692415	-0.975	negative_retained_paternal_pattern	013A	AS-DEL
22692418	-0.962	negative_retained_paternal_pattern	013A	AS-DEL
22692434	-0.967	negative_retained_paternal_pattern	013A	AS-DEL
22692437	-0.973	negative_retained_paternal_pattern	013A	AS-DEL
22692453	-0.967	negative_retained_paternal_pattern	013A	AS-DEL
22692466	-0.975	negative_retained_paternal_pattern	013A	AS-DEL
22692482	-0.977	negative_retained_paternal_pattern	013A	AS-DEL
22692485	-0.957	negative_retained_paternal_pattern	013A	AS-DEL
22692497	-0.926	negative_retained_paternal_pattern	013A	AS-DEL
22692500	-0.755	negative_retained_paternal_pattern	013A	AS-DEL
22692520	-0.948	negative_retained_paternal_pattern	013A	AS-DEL
22692532	-0.962	negative_retained_paternal_pattern	013A	AS-DEL
22692536	-0.975	negative_retained_paternal_pattern	013A	AS-DEL
22692538	-0.968	negative_retained_paternal_pattern	013A	AS-DEL
22692548	-0.966	negative_retained_paternal_pattern	013A	AS-DEL
22692571	-0.970	negative_retained_paternal_pattern	013A	AS-DEL
22692626	-0.970	negative_retained_paternal_pattern	013A	AS-DEL
22692653	-0.961	negative_retained_paternal_pattern	013A	AS-DEL
22692706	-0.968	negative_retained_paternal_pattern	013A	AS-DEL
22692723	-0.965	negative_retained_paternal_pattern	013A	AS-DEL
22692742	-0.964	negative_retained_paternal_pattern	013A	AS-DEL
22692755	-0.956	negative_retained_paternal_pattern	013A	AS-DEL
22692774	-0.969	negative_retained_paternal_pattern	013A	AS-DEL
22692922	-0.922	negative_retained_paternal_pattern	013A	AS-DEL
22692947	-0.949	negative_retained_paternal_pattern	013A	AS-DEL
22692981	-0.964	negative_retained_paternal_pattern	013A	AS-DEL
22692984	-0.974	negative_retained_paternal_pattern	013A	AS-DEL
22692992	-0.966	negative_retained_paternal_pattern	013A	AS-DEL
22693005	-0.971	negative_retained_paternal_pattern	013A	AS-DEL
22693011	-0.971	negative_retained_paternal_pattern	013A	AS-DEL
22693019	-0.974	negative_retained_paternal_pattern	013A	AS-DEL
22693031	-0.969	negative_retained_paternal_pattern	013A	AS-DEL
22693050	-0.920	negative_retained_paternal_pattern	013A	AS-DEL
22693109	-0.939	negative_retained_paternal_pattern	013A	AS-DEL
22693147	-0.965	negative_retained_paternal_pattern	013A	AS-DEL
22693160	-0.975	negative_retained_paternal_pattern	013A	AS-DEL
22693206	-0.968	negative_retained_paternal_pattern	013A	AS-DEL
22693212	-0.970	negative_retained_paternal_pattern	013A	AS-DEL
22693230	-0.977	negative_retained_paternal_pattern	013A	AS-DEL
22693236	-0.967	negative_retained_paternal_pattern	013A	AS-DEL
22693250	-0.959	negative_retained_paternal_pattern	013A	AS-DEL
22693255	-0.931	negative_retained_paternal_pattern	013A	AS-DEL
22693270	-0.969	negative_retained_paternal_pattern	013A	AS-DEL
22693280	-0.975	negative_retained_paternal_pattern	013A	AS-DEL
22693348	-0.969	negative_retained_paternal_pattern	013A	AS-DEL
22693357	-0.959	negative_retained_paternal_pattern	013A	AS-DEL
22693390	-0.941	negative_retained_paternal_pattern	013A	AS-DEL
22693399	-0.948	negative_retained_paternal_pattern	013A	AS-DEL
22693432	-0.936	negative_retained_paternal_pattern	013A	AS-DEL
22693493	-0.947	negative_retained_paternal_pattern	013A	AS-DEL
22691286	-0.944	negative_retained_paternal_pattern	014A	AS-DEL
22691291	-0.955	negative_retained_paternal_pattern	014A	AS-DEL
22691522	-0.958	negative_retained_paternal_pattern	014A	AS-DEL
22691554	-0.965	negative_retained_paternal_pattern	014A	AS-DEL
22691567	-0.971	negative_retained_paternal_pattern	014A	AS-DEL
22691573	-0.977	negative_retained_paternal_pattern	014A	AS-DEL
22691575	-0.977	negative_retained_paternal_pattern	014A	AS-DEL
22691579	-0.975	negative_retained_paternal_pattern	014A	AS-DEL
22691595	-0.971	negative_retained_paternal_pattern	014A	AS-DEL
22691597	-0.963	negative_retained_paternal_pattern	014A	AS-DEL
22691609	-0.975	negative_retained_paternal_pattern	014A	AS-DEL
22691621	-0.964	negative_retained_paternal_pattern	014A	AS-DEL
22691631	-0.956	negative_retained_paternal_pattern	014A	AS-DEL
22691642	-0.968	negative_retained_paternal_pattern	014A	AS-DEL
22691651	-0.966	negative_retained_paternal_pattern	014A	AS-DEL
22691663	-0.969	negative_retained_paternal_pattern	014A	AS-DEL
22691667	-0.979	negative_retained_paternal_pattern	014A	AS-DEL
22691670	-0.977	negative_retained_paternal_pattern	014A	AS-DEL
22691683	-0.975	negative_retained_paternal_pattern	014A	AS-DEL
22691700	-0.964	negative_retained_paternal_pattern	014A	AS-DEL
22691710	-0.960	negative_retained_paternal_pattern	014A	AS-DEL
22691712	-0.974	negative_retained_paternal_pattern	014A	AS-DEL
22691720	-0.973	negative_retained_paternal_pattern	014A	AS-DEL
22691739	-0.964	negative_retained_paternal_pattern	014A	AS-DEL
22691771	-0.902	negative_retained_paternal_pattern	014A	AS-DEL
22691828	-0.932	negative_retained_paternal_pattern	014A	AS-DEL
22691871	-0.964	negative_retained_paternal_pattern	014A	AS-DEL
22691899	-0.977	negative_retained_paternal_pattern	014A	AS-DEL
22691909	-0.974	negative_retained_paternal_pattern	014A	AS-DEL
22691924	-0.972	negative_retained_paternal_pattern	014A	AS-DEL
22691928	-0.968	negative_retained_paternal_pattern	014A	AS-DEL
22691938	-0.970	negative_retained_paternal_pattern	014A	AS-DEL
22691940	-0.971	negative_retained_paternal_pattern	014A	AS-DEL
22691951	-0.962	negative_retained_paternal_pattern	014A	AS-DEL
22691969	-0.968	negative_retained_paternal_pattern	014A	AS-DEL
22691971	-0.971	negative_retained_paternal_pattern	014A	AS-DEL
22691986	-0.958	negative_retained_paternal_pattern	014A	AS-DEL
22691996	-0.962	negative_retained_paternal_pattern	014A	AS-DEL
22692008	-0.972	negative_retained_paternal_pattern	014A	AS-DEL
22692028	-0.967	negative_retained_paternal_pattern	014A	AS-DEL
22692037	-0.963	negative_retained_paternal_pattern	014A	AS-DEL
22692091	-0.946	negative_retained_paternal_pattern	014A	AS-DEL
22692098	-0.804	negative_retained_paternal_pattern	014A	AS-DEL
22692106	-0.779	negative_retained_paternal_pattern	014A	AS-DEL
22692137	-0.948	negative_retained_paternal_pattern	014A	AS-DEL
22692166	-0.967	negative_retained_paternal_pattern	014A	AS-DEL
22692171	-0.965	negative_retained_paternal_pattern	014A	AS-DEL
22692179	-0.965	negative_retained_paternal_pattern	014A	AS-DEL
22692190	-0.973	negative_retained_paternal_pattern	014A	AS-DEL
22692211	-0.964	negative_retained_paternal_pattern	014A	AS-DEL
22692240	-0.968	negative_retained_paternal_pattern	014A	AS-DEL
22692257	-0.971	negative_retained_paternal_pattern	014A	AS-DEL
22692264	-0.968	negative_retained_paternal_pattern	014A	AS-DEL
22692281	-0.966	negative_retained_paternal_pattern	014A	AS-DEL
22692284	-0.969	negative_retained_paternal_pattern	014A	AS-DEL
22692293	-0.964	negative_retained_paternal_pattern	014A	AS-DEL
22692298	-0.965	negative_retained_paternal_pattern	014A	AS-DEL
22692333	-0.972	negative_retained_paternal_pattern	014A	AS-DEL
22692366	-0.974	negative_retained_paternal_pattern	014A	AS-DEL
22692368	-0.975	negative_retained_paternal_pattern	014A	AS-DEL
22692371	-0.967	negative_retained_paternal_pattern	014A	AS-DEL
22692373	-0.964	negative_retained_paternal_pattern	014A	AS-DEL
22692384	-0.965	negative_retained_paternal_pattern	014A	AS-DEL
22692415	-0.975	negative_retained_paternal_pattern	014A	AS-DEL
22692418	-0.975	negative_retained_paternal_pattern	014A	AS-DEL
22692434	-0.972	negative_retained_paternal_pattern	014A	AS-DEL
22692437	-0.965	negative_retained_paternal_pattern	014A	AS-DEL
22692453	-0.969	negative_retained_paternal_pattern	014A	AS-DEL
22692466	-0.964	negative_retained_paternal_pattern	014A	AS-DEL
22692482	-0.973	negative_retained_paternal_pattern	014A	AS-DEL
22692485	-0.965	negative_retained_paternal_pattern	014A	AS-DEL
22692497	-0.973	negative_retained_paternal_pattern	014A	AS-DEL
22692500	-0.971	negative_retained_paternal_pattern	014A	AS-DEL
22692520	-0.970	negative_retained_paternal_pattern	014A	AS-DEL
22692532	-0.971	negative_retained_paternal_pattern	014A	AS-DEL
22692536	-0.971	negative_retained_paternal_pattern	014A	AS-DEL
22692538	-0.970	negative_retained_paternal_pattern	014A	AS-DEL
22692548	-0.970	negative_retained_paternal_pattern	014A	AS-DEL
22692571	-0.969	negative_retained_paternal_pattern	014A	AS-DEL
22692626	-0.978	negative_retained_paternal_pattern	014A	AS-DEL
22692653	-0.977	negative_retained_paternal_pattern	014A	AS-DEL
22692706	-0.977	negative_retained_paternal_pattern	014A	AS-DEL
22692723	-0.973	negative_retained_paternal_pattern	014A	AS-DEL
22692742	-0.968	negative_retained_paternal_pattern	014A	AS-DEL
22692755	-0.956	negative_retained_paternal_pattern	014A	AS-DEL
22692774	-0.863	negative_retained_paternal_pattern	014A	AS-DEL
22692922	-0.963	negative_retained_paternal_pattern	014A	AS-DEL
22692947	-0.970	negative_retained_paternal_pattern	014A	AS-DEL
22692981	-0.978	negative_retained_paternal_pattern	014A	AS-DEL
22692984	-0.973	negative_retained_paternal_pattern	014A	AS-DEL
22692992	-0.973	negative_retained_paternal_pattern	014A	AS-DEL
22693005	-0.967	negative_retained_paternal_pattern	014A	AS-DEL
22693011	-0.973	negative_retained_paternal_pattern	014A	AS-DEL
22693019	-0.967	negative_retained_paternal_pattern	014A	AS-DEL
22693031	-0.972	negative_retained_paternal_pattern	014A	AS-DEL
22693050	-0.980	negative_retained_paternal_pattern	014A	AS-DEL
22693109	-0.972	negative_retained_paternal_pattern	014A	AS-DEL
22693147	-0.975	negative_retained_paternal_pattern	014A	AS-DEL
22693160	-0.973	negative_retained_paternal_pattern	014A	AS-DEL
22693206	-0.974	negative_retained_paternal_pattern	014A	AS-DEL
22693212	-0.968	negative_retained_paternal_pattern	014A	AS-DEL
22693230	-0.962	negative_retained_paternal_pattern	014A	AS-DEL
22693236	-0.956	negative_retained_paternal_pattern	014A	AS-DEL
22693250	-0.928	negative_retained_paternal_pattern	014A	AS-DEL
22693255	-0.944	negative_retained_paternal_pattern	014A	AS-DEL
22693270	-0.963	negative_retained_paternal_pattern	014A	AS-DEL
22693280	-0.954	negative_retained_paternal_pattern	014A	AS-DEL
22693348	-0.946	negative_retained_paternal_pattern	014A	AS-DEL
22693357	-0.504	negative_retained_paternal_pattern	014A	AS-DEL
22693390	-0.872	negative_retained_paternal_pattern	014A	AS-DEL
22693399	-0.962	negative_retained_paternal_pattern	014A	AS-DEL
22693432	-0.971	negative_retained_paternal_pattern	014A	AS-DEL
22693493	-0.949	negative_retained_paternal_pattern	014A	AS-DEL
22691291	-0.854	negative_retained_paternal_pattern	016A	AS-DEL
22691522	-0.959	negative_retained_paternal_pattern	016A	AS-DEL
22691554	-0.964	negative_retained_paternal_pattern	016A	AS-DEL
22691567	-0.965	negative_retained_paternal_pattern	016A	AS-DEL
22691573	-0.974	negative_retained_paternal_pattern	016A	AS-DEL
22691575	-0.966	negative_retained_paternal_pattern	016A	AS-DEL
22691579	-0.963	negative_retained_paternal_pattern	016A	AS-DEL
22691595	-0.960	negative_retained_paternal_pattern	016A	AS-DEL
22691597	-0.940	negative_retained_paternal_pattern	016A	AS-DEL
22691609	-0.141	negative_retained_paternal_pattern	016A	AS-DEL
22691621	-0.882	negative_retained_paternal_pattern	016A	AS-DEL
22691631	-0.947	negative_retained_paternal_pattern	016A	AS-DEL
22691642	-0.969	negative_retained_paternal_pattern	016A	AS-DEL
22691651	-0.967	negative_retained_paternal_pattern	016A	AS-DEL
22691663	-0.975	negative_retained_paternal_pattern	016A	AS-DEL
22691667	-0.968	negative_retained_paternal_pattern	016A	AS-DEL
22691670	-0.960	negative_retained_paternal_pattern	016A	AS-DEL
22691683	-0.911	negative_retained_paternal_pattern	016A	AS-DEL
22691700	-0.963	negative_retained_paternal_pattern	016A	AS-DEL
22691710	-0.965	negative_retained_paternal_pattern	016A	AS-DEL
22691712	-0.971	negative_retained_paternal_pattern	016A	AS-DEL
22691720	-0.942	negative_retained_paternal_pattern	016A	AS-DEL
22691739	-0.816	negative_retained_paternal_pattern	016A	AS-DEL
22691771	-0.724	negative_retained_paternal_pattern	016A	AS-DEL
22691828	-0.964	negative_retained_paternal_pattern	016A	AS-DEL
22691871	-0.961	negative_retained_paternal_pattern	016A	AS-DEL
22691899	-0.958	negative_retained_paternal_pattern	016A	AS-DEL
22691909	-0.950	negative_retained_paternal_pattern	016A	AS-DEL
22691924	-0.966	negative_retained_paternal_pattern	016A	AS-DEL
22691928	-0.955	negative_retained_paternal_pattern	016A	AS-DEL
22691938	-0.974	negative_retained_paternal_pattern	016A	AS-DEL
22691940	-0.964	negative_retained_paternal_pattern	016A	AS-DEL
22691951	-0.966	negative_retained_paternal_pattern	016A	AS-DEL
22691969	-0.971	negative_retained_paternal_pattern	016A	AS-DEL
22691971	-0.961	negative_retained_paternal_pattern	016A	AS-DEL
22691986	-0.954	negative_retained_paternal_pattern	016A	AS-DEL
22691996	-0.962	negative_retained_paternal_pattern	016A	AS-DEL
22692008	-0.961	negative_retained_paternal_pattern	016A	AS-DEL
22692028	-0.944	negative_retained_paternal_pattern	016A	AS-DEL
22692037	-0.933	negative_retained_paternal_pattern	016A	AS-DEL
22692091	-0.949	negative_retained_paternal_pattern	016A	AS-DEL
22692098	-0.725	negative_retained_paternal_pattern	016A	AS-DEL
22692106	-0.768	negative_retained_paternal_pattern	016A	AS-DEL
22692137	-0.950	negative_retained_paternal_pattern	016A	AS-DEL
22692166	-0.958	negative_retained_paternal_pattern	016A	AS-DEL
22692171	-0.966	negative_retained_paternal_pattern	016A	AS-DEL
22692179	-0.970	negative_retained_paternal_pattern	016A	AS-DEL
22692190	-0.965	negative_retained_paternal_pattern	016A	AS-DEL
22692211	-0.953	negative_retained_paternal_pattern	016A	AS-DEL
22692240	-0.945	negative_retained_paternal_pattern	016A	AS-DEL
22692257	-0.942	negative_retained_paternal_pattern	016A	AS-DEL
22692264	-0.958	negative_retained_paternal_pattern	016A	AS-DEL
22692281	-0.961	negative_retained_paternal_pattern	016A	AS-DEL
22692284	-0.930	negative_retained_paternal_pattern	016A	AS-DEL
22692293	-0.886	negative_retained_paternal_pattern	016A	AS-DEL
22692298	-0.710	negative_retained_paternal_pattern	016A	AS-DEL
22692333	-0.952	negative_retained_paternal_pattern	016A	AS-DEL
22692366	-0.966	negative_retained_paternal_pattern	016A	AS-DEL
22692368	-0.978	negative_retained_paternal_pattern	016A	AS-DEL
22692371	-0.958	negative_retained_paternal_pattern	016A	AS-DEL
22692373	-0.969	negative_retained_paternal_pattern	016A	AS-DEL
22692384	-0.968	negative_retained_paternal_pattern	016A	AS-DEL
22692415	-0.968	negative_retained_paternal_pattern	016A	AS-DEL
22692418	-0.969	negative_retained_paternal_pattern	016A	AS-DEL
22692434	-0.953	negative_retained_paternal_pattern	016A	AS-DEL
22692437	-0.927	negative_retained_paternal_pattern	016A	AS-DEL
22692453	-0.911	negative_retained_paternal_pattern	016A	AS-DEL
22692466	-0.884	negative_retained_paternal_pattern	016A	AS-DEL
22692482	-0.675	negative_retained_paternal_pattern	016A	AS-DEL
22692485	-0.898	negative_retained_paternal_pattern	016A	AS-DEL
22692497	-0.944	negative_retained_paternal_pattern	016A	AS-DEL
22692500	-0.965	negative_retained_paternal_pattern	016A	AS-DEL
22692520	-0.967	negative_retained_paternal_pattern	016A	AS-DEL
22692532	-0.968	negative_retained_paternal_pattern	016A	AS-DEL
22692536	-0.966	negative_retained_paternal_pattern	016A	AS-DEL
22692538	-0.936	negative_retained_paternal_pattern	016A	AS-DEL
22692548	-0.905	negative_retained_paternal_pattern	016A	AS-DEL
22692555	-0.935	negative_retained_paternal_pattern	016A	AS-DEL
22692571	-0.888	negative_retained_paternal_pattern	016A	AS-DEL
22692626	-0.900	negative_retained_paternal_pattern	016A	AS-DEL
22692653	-0.944	negative_retained_paternal_pattern	016A	AS-DEL
22692706	-0.812	negative_retained_paternal_pattern	016A	AS-DEL
22692723	-0.957	negative_retained_paternal_pattern	016A	AS-DEL
22692742	-0.953	negative_retained_paternal_pattern	016A	AS-DEL
22692755	-0.947	negative_retained_paternal_pattern	016A	AS-DEL
22692774	-0.941	negative_retained_paternal_pattern	016A	AS-DEL
22692922	-0.948	negative_retained_paternal_pattern	016A	AS-DEL
22692947	-0.968	negative_retained_paternal_pattern	016A	AS-DEL
22692981	-0.971	negative_retained_paternal_pattern	016A	AS-DEL
22692984	-0.948	negative_retained_paternal_pattern	016A	AS-DEL
22692992	-0.872	negative_retained_paternal_pattern	016A	AS-DEL
22693005	-0.888	negative_retained_paternal_pattern	016A	AS-DEL
22693011	-0.934	negative_retained_paternal_pattern	016A	AS-DEL
22693019	-0.902	negative_retained_paternal_pattern	016A	AS-DEL
22693031	-0.921	negative_retained_paternal_pattern	016A	AS-DEL
22693050	-0.962	negative_retained_paternal_pattern	016A	AS-DEL
22693097	-0.976	negative_retained_paternal_pattern	016A	AS-DEL
22693109	-0.973	negative_retained_paternal_pattern	016A	AS-DEL
22693147	-0.956	negative_retained_paternal_pattern	016A	AS-DEL
22693160	-0.952	negative_retained_paternal_pattern	016A	AS-DEL
22693206	-0.965	negative_retained_paternal_pattern	016A	AS-DEL
22693212	-0.936	negative_retained_paternal_pattern	016A	AS-DEL
22693230	-0.940	negative_retained_paternal_pattern	016A	AS-DEL
22693236	-0.942	negative_retained_paternal_pattern	016A	AS-DEL
22693250	-0.891	negative_retained_paternal_pattern	016A	AS-DEL
22693255	-0.854	negative_retained_paternal_pattern	016A	AS-DEL
22693270	-0.659	negative_retained_paternal_pattern	016A	AS-DEL
22693280	-0.846	negative_retained_paternal_pattern	016A	AS-DEL
22693348	-0.952	negative_retained_paternal_pattern	016A	AS-DEL
22693357	-0.932	negative_retained_paternal_pattern	016A	AS-DEL
22693390	-0.914	negative_retained_paternal_pattern	016A	AS-DEL
22693399	-0.939	negative_retained_paternal_pattern	016A	AS-DEL
22693432	-0.949	negative_retained_paternal_pattern	016A	AS-DEL
22693493	-0.967	negative_retained_paternal_pattern	016A	AS-DEL
22691286	0.891	maternal_minus_paternal	017C	Control
22691291	0.912	maternal_minus_paternal	017C	Control
22691522	0.683	maternal_minus_paternal	017C	Control
22691554	0.770	maternal_minus_paternal	017C	Control
22691567	0.938	maternal_minus_paternal	017C	Control
22691573	0.941	maternal_minus_paternal	017C	Control
22691575	0.935	maternal_minus_paternal	017C	Control
22691579	0.923	maternal_minus_paternal	017C	Control
22691589	0.034	maternal_minus_paternal	017C	Control
22691595	0.924	maternal_minus_paternal	017C	Control
22691597	0.953	maternal_minus_paternal	017C	Control
22691609	0.934	maternal_minus_paternal	017C	Control
22691621	0.930	maternal_minus_paternal	017C	Control
22691631	0.895	maternal_minus_paternal	017C	Control
22691642	0.930	maternal_minus_paternal	017C	Control
22691651	0.934	maternal_minus_paternal	017C	Control
22691663	0.943	maternal_minus_paternal	017C	Control
22691667	0.938	maternal_minus_paternal	017C	Control
22691670	0.928	maternal_minus_paternal	017C	Control
22691683	0.876	maternal_minus_paternal	017C	Control
22691700	0.917	maternal_minus_paternal	017C	Control
22691710	0.922	maternal_minus_paternal	017C	Control
22691712	0.901	maternal_minus_paternal	017C	Control
22691720	0.909	maternal_minus_paternal	017C	Control
22691739	0.923	maternal_minus_paternal	017C	Control
22691771	0.854	maternal_minus_paternal	017C	Control
22691828	0.395	maternal_minus_paternal	017C	Control
22691871	0.839	maternal_minus_paternal	017C	Control
22691899	0.862	maternal_minus_paternal	017C	Control
22691909	0.924	maternal_minus_paternal	017C	Control
22691924	0.942	maternal_minus_paternal	017C	Control
22691928	0.934	maternal_minus_paternal	017C	Control
22691938	0.932	maternal_minus_paternal	017C	Control
22691940	0.915	maternal_minus_paternal	017C	Control
22691951	0.920	maternal_minus_paternal	017C	Control
22691969	0.936	maternal_minus_paternal	017C	Control
22691971	0.936	maternal_minus_paternal	017C	Control
22691986	0.709	maternal_minus_paternal	017C	Control
22691996	0.927	maternal_minus_paternal	017C	Control
22692008	0.937	maternal_minus_paternal	017C	Control
22692028	0.905	maternal_minus_paternal	017C	Control
22692037	0.939	maternal_minus_paternal	017C	Control
22692091	0.929	maternal_minus_paternal	017C	Control
22692098	0.928	maternal_minus_paternal	017C	Control
22692106	0.891	maternal_minus_paternal	017C	Control
22692137	0.914	maternal_minus_paternal	017C	Control
22692166	0.938	maternal_minus_paternal	017C	Control
22692171	0.935	maternal_minus_paternal	017C	Control
22692179	0.830	maternal_minus_paternal	017C	Control
22692190	0.926	maternal_minus_paternal	017C	Control
22692211	0.901	maternal_minus_paternal	017C	Control
22692240	0.841	maternal_minus_paternal	017C	Control
22692257	0.727	maternal_minus_paternal	017C	Control
22692264	0.723	maternal_minus_paternal	017C	Control
22692281	0.821	maternal_minus_paternal	017C	Control
22692284	0.884	maternal_minus_paternal	017C	Control
22692293	0.881	maternal_minus_paternal	017C	Control
22692298	0.893	maternal_minus_paternal	017C	Control
22692333	0.807	maternal_minus_paternal	017C	Control
22692366	0.938	maternal_minus_paternal	017C	Control
22692368	0.934	maternal_minus_paternal	017C	Control
22692371	0.939	maternal_minus_paternal	017C	Control
22692373	0.934	maternal_minus_paternal	017C	Control
22692384	0.930	maternal_minus_paternal	017C	Control
22692415	0.943	maternal_minus_paternal	017C	Control
22692418	0.927	maternal_minus_paternal	017C	Control
22692434	0.923	maternal_minus_paternal	017C	Control
22692437	0.815	maternal_minus_paternal	017C	Control
22692453	0.812	maternal_minus_paternal	017C	Control
22692466	0.728	maternal_minus_paternal	017C	Control
22692482	0.918	maternal_minus_paternal	017C	Control
22692485	0.929	maternal_minus_paternal	017C	Control
22692497	0.925	maternal_minus_paternal	017C	Control
22692500	0.934	maternal_minus_paternal	017C	Control
22692520	0.931	maternal_minus_paternal	017C	Control
22692532	0.940	maternal_minus_paternal	017C	Control
22692536	0.945	maternal_minus_paternal	017C	Control
22692538	0.944	maternal_minus_paternal	017C	Control
22692548	0.942	maternal_minus_paternal	017C	Control
22692571	0.945	maternal_minus_paternal	017C	Control
22692626	0.944	maternal_minus_paternal	017C	Control
22692653	0.942	maternal_minus_paternal	017C	Control
22692706	0.930	maternal_minus_paternal	017C	Control
22692723	0.925	maternal_minus_paternal	017C	Control
22692742	0.607	maternal_minus_paternal	017C	Control
22692755	0.899	maternal_minus_paternal	017C	Control
22692774	0.942	maternal_minus_paternal	017C	Control
22692922	0.934	maternal_minus_paternal	017C	Control
22692947	0.896	maternal_minus_paternal	017C	Control
22692981	0.923	maternal_minus_paternal	017C	Control
22692984	0.926	maternal_minus_paternal	017C	Control
22692992	0.817	maternal_minus_paternal	017C	Control
22693005	0.901	maternal_minus_paternal	017C	Control
22693011	0.903	maternal_minus_paternal	017C	Control
22693019	0.877	maternal_minus_paternal	017C	Control
22693031	0.895	maternal_minus_paternal	017C	Control
22693050	0.925	maternal_minus_paternal	017C	Control
22693109	0.931	maternal_minus_paternal	017C	Control
22693147	0.932	maternal_minus_paternal	017C	Control
22693160	0.929	maternal_minus_paternal	017C	Control
22693206	0.905	maternal_minus_paternal	017C	Control
22693212	0.919	maternal_minus_paternal	017C	Control
22693230	0.938	maternal_minus_paternal	017C	Control
22693236	0.918	maternal_minus_paternal	017C	Control
22693250	0.812	maternal_minus_paternal	017C	Control
22693255	0.796	maternal_minus_paternal	017C	Control
22693270	0.921	maternal_minus_paternal	017C	Control
22693280	0.930	maternal_minus_paternal	017C	Control
22693348	0.934	maternal_minus_paternal	017C	Control
22693357	0.939	maternal_minus_paternal	017C	Control
22693390	0.939	maternal_minus_paternal	017C	Control
22693399	0.946	maternal_minus_paternal	017C	Control
22693432	0.950	maternal_minus_paternal	017C	Control
22693493	0.931	maternal_minus_paternal	017C	Control
22691286	0.917	maternal_minus_paternal	018C	Control
22691291	0.896	maternal_minus_paternal	018C	Control
22691522	0.839	maternal_minus_paternal	018C	Control
22691554	0.878	maternal_minus_paternal	018C	Control
22691567	0.933	maternal_minus_paternal	018C	Control
22691573	0.946	maternal_minus_paternal	018C	Control
22691575	0.934	maternal_minus_paternal	018C	Control
22691579	0.919	maternal_minus_paternal	018C	Control
22691595	0.931	maternal_minus_paternal	018C	Control
22691597	0.927	maternal_minus_paternal	018C	Control
22691609	0.895	maternal_minus_paternal	018C	Control
22691621	0.913	maternal_minus_paternal	018C	Control
22691631	0.928	maternal_minus_paternal	018C	Control
22691642	0.913	maternal_minus_paternal	018C	Control
22691651	0.927	maternal_minus_paternal	018C	Control
22691663	0.944	maternal_minus_paternal	018C	Control
22691667	0.946	maternal_minus_paternal	018C	Control
22691670	0.929	maternal_minus_paternal	018C	Control
22691683	0.912	maternal_minus_paternal	018C	Control
22691700	0.927	maternal_minus_paternal	018C	Control
22691710	0.936	maternal_minus_paternal	018C	Control
22691712	0.936	maternal_minus_paternal	018C	Control
22691720	0.927	maternal_minus_paternal	018C	Control
22691739	0.935	maternal_minus_paternal	018C	Control
22691771	0.914	maternal_minus_paternal	018C	Control
22691828	0.920	maternal_minus_paternal	018C	Control
22691871	0.783	maternal_minus_paternal	018C	Control
22691899	0.894	maternal_minus_paternal	018C	Control
22691909	0.893	maternal_minus_paternal	018C	Control
22691924	0.930	maternal_minus_paternal	018C	Control
22691928	0.937	maternal_minus_paternal	018C	Control
22691938	0.731	maternal_minus_paternal	018C	Control
22691940	0.914	maternal_minus_paternal	018C	Control
22691951	0.925	maternal_minus_paternal	018C	Control
22691969	0.926	maternal_minus_paternal	018C	Control
22691971	0.918	maternal_minus_paternal	018C	Control
22691986	0.854	maternal_minus_paternal	018C	Control
22691996	0.884	maternal_minus_paternal	018C	Control
22692008	0.920	maternal_minus_paternal	018C	Control
22692028	0.929	maternal_minus_paternal	018C	Control
22692037	0.941	maternal_minus_paternal	018C	Control
22692091	0.945	maternal_minus_paternal	018C	Control
22692098	0.936	maternal_minus_paternal	018C	Control
22692106	0.916	maternal_minus_paternal	018C	Control
22692137	0.761	maternal_minus_paternal	018C	Control
22692166	0.907	maternal_minus_paternal	018C	Control
22692171	0.889	maternal_minus_paternal	018C	Control
22692179	0.471	maternal_minus_paternal	018C	Control
22692190	0.798	maternal_minus_paternal	018C	Control
22692211	0.819	maternal_minus_paternal	018C	Control
22692240	0.869	maternal_minus_paternal	018C	Control
22692257	0.891	maternal_minus_paternal	018C	Control
22692264	0.920	maternal_minus_paternal	018C	Control
22692281	0.931	maternal_minus_paternal	018C	Control
22692284	0.904	maternal_minus_paternal	018C	Control
22692293	0.935	maternal_minus_paternal	018C	Control
22692298	0.935	maternal_minus_paternal	018C	Control
22692333	0.917	maternal_minus_paternal	018C	Control
22692366	0.930	maternal_minus_paternal	018C	Control
22692368	0.911	maternal_minus_paternal	018C	Control
22692371	0.927	maternal_minus_paternal	018C	Control
22692373	0.933	maternal_minus_paternal	018C	Control
22692384	0.915	maternal_minus_paternal	018C	Control
22692415	0.936	maternal_minus_paternal	018C	Control
22692418	0.945	maternal_minus_paternal	018C	Control
22692434	0.947	maternal_minus_paternal	018C	Control
22692437	0.938	maternal_minus_paternal	018C	Control
22692453	0.937	maternal_minus_paternal	018C	Control
22692466	0.799	maternal_minus_paternal	018C	Control
22692482	0.923	maternal_minus_paternal	018C	Control
22692485	0.937	maternal_minus_paternal	018C	Control
22692497	0.941	maternal_minus_paternal	018C	Control
22692500	0.936	maternal_minus_paternal	018C	Control
22692520	0.939	maternal_minus_paternal	018C	Control
22692532	0.943	maternal_minus_paternal	018C	Control
22692536	0.940	maternal_minus_paternal	018C	Control
22692538	0.944	maternal_minus_paternal	018C	Control
22692548	0.904	maternal_minus_paternal	018C	Control
22692555	0.026	maternal_minus_paternal	018C	Control
22692571	0.899	maternal_minus_paternal	018C	Control
22692626	0.873	maternal_minus_paternal	018C	Control
22692653	0.725	maternal_minus_paternal	018C	Control
22692706	0.928	maternal_minus_paternal	018C	Control
22692723	0.927	maternal_minus_paternal	018C	Control
22692742	0.882	maternal_minus_paternal	018C	Control
22692755	0.930	maternal_minus_paternal	018C	Control
22692774	0.938	maternal_minus_paternal	018C	Control
22692922	0.945	maternal_minus_paternal	018C	Control
22692947	0.938	maternal_minus_paternal	018C	Control
22692981	0.943	maternal_minus_paternal	018C	Control
22692984	0.945	maternal_minus_paternal	018C	Control
22692992	0.942	maternal_minus_paternal	018C	Control
22693005	0.932	maternal_minus_paternal	018C	Control
22693011	0.936	maternal_minus_paternal	018C	Control
22693019	0.790	maternal_minus_paternal	018C	Control
22693031	0.925	maternal_minus_paternal	018C	Control
22693050	0.925	maternal_minus_paternal	018C	Control
22693097	0.035	maternal_minus_paternal	018C	Control
22693109	0.920	maternal_minus_paternal	018C	Control
22693147	0.943	maternal_minus_paternal	018C	Control
22693160	0.931	maternal_minus_paternal	018C	Control
22693206	0.936	maternal_minus_paternal	018C	Control
22693212	0.932	maternal_minus_paternal	018C	Control
22693230	0.933	maternal_minus_paternal	018C	Control
22693236	0.939	maternal_minus_paternal	018C	Control
22693250	0.891	maternal_minus_paternal	018C	Control
22693255	0.907	maternal_minus_paternal	018C	Control
22693270	0.920	maternal_minus_paternal	018C	Control
22693280	0.924	maternal_minus_paternal	018C	Control
22693348	0.918	maternal_minus_paternal	018C	Control
22693357	0.855	maternal_minus_paternal	018C	Control
22693390	0.805	maternal_minus_paternal	018C	Control
22693399	0.893	maternal_minus_paternal	018C	Control
22693432	0.867	maternal_minus_paternal	018C	Control
22693493	0.910	maternal_minus_paternal	018C	Control
